<?xml version='1.0' encoding='UTF-8' standalone='yes' ?>
<gpx xsi:schemaLocation="http://www.topografix.com/GPX/1/1 http://www.topografix.com/GPX/1/1/gpx.xsd" xmlns="http://www.topografix.com/GPX/1/1" xmlns:xsi="http://www.w3.org/2001/XMLSchema-instance" xmlns:ns3="http://www.garmin.com/xmlschemas/TrackPointExtension/v1" xmlns:ns2="http://www.garmin.com/xmlschemas/GpxExtensions/v3" xmlns:ns1="http://www.cluetrust.com/XML/GPXDATA/1/0" creator="Amazfit T-Rex 3 Pro (48mm)" version="1.1">
	<trk>
		<name><![CDATA[20251108 Parapente]]></name>
		<trkseg>
			<trkpt lat="46.971574" lon="5.877584">
				<ele>793.06</ele>
				<time>2025-11-08T13:53:47Z</time>
				<extensions>
					<ns3:TrackPointExtension>
						<ns3:speed>0.0</ns3:speed>
						<ns3:cad>0.0</ns3:cad>
						<ns3:hr>127</ns3:hr>
					</ns3:TrackPointExtension>
				</extensions>
			</trkpt>
			<trkpt lat="46.971575" lon="5.877585">
				<ele>793.06</ele>
				<time>2025-11-08T13:53:48Z</time>
				<extensions>
					<ns3:TrackPointExtension>
						<ns3:speed>0.0</ns3:speed>
						<ns3:cad>0.0</ns3:cad>
						<ns3:hr>128</ns3:hr>
					</ns3:TrackPointExtension>
				</extensions>
			</trkpt>
			<trkpt lat="46.971575" lon="5.87758566">
				<ele>793.06</ele>
				<time>2025-11-08T13:53:49Z</time>
				<extensions>
					<ns3:TrackPointExtension>
						<ns3:speed>0.0</ns3:speed>
						<ns3:cad>0.0</ns3:cad>
						<ns3:hr>127</ns3:hr>
					</ns3:TrackPointExtension>
				</extensions>
			</trkpt>
			<trkpt lat="46.971575" lon="5.87758666">
				<ele>793.06</ele>
				<time>2025-11-08T13:53:50Z</time>
				<extensions>
					<ns3:TrackPointExtension>
						<ns3:speed>0.0</ns3:speed>
						<ns3:cad>0.0</ns3:cad>
						<ns3:hr>127</ns3:hr>
					</ns3:TrackPointExtension>
				</extensions>
			</trkpt>
			<trkpt lat="46.971575" lon="5.87758732">
				<ele>793.08</ele>
				<time>2025-11-08T13:53:51Z</time>
				<extensions>
					<ns3:TrackPointExtension>
						<ns3:speed>0.0</ns3:speed>
						<ns3:cad>0.0</ns3:cad>
						<ns3:hr>129</ns3:hr>
					</ns3:TrackPointExtension>
				</extensions>
			</trkpt>
			<trkpt lat="46.971575" lon="5.87758832">
				<ele>793.05</ele>
				<time>2025-11-08T13:53:52Z</time>
				<extensions>
					<ns3:TrackPointExtension>
						<ns3:speed>0.0</ns3:speed>
						<ns3:cad>0.0</ns3:cad>
						<ns3:hr>129</ns3:hr>
					</ns3:TrackPointExtension>
				</extensions>
			</trkpt>
			<trkpt lat="46.971575" lon="5.87758898">
				<ele>793.02</ele>
				<time>2025-11-08T13:53:53Z</time>
				<extensions>
					<ns3:TrackPointExtension>
						<ns3:speed>0.0</ns3:speed>
						<ns3:cad>0.0</ns3:cad>
						<ns3:hr>128</ns3:hr>
					</ns3:TrackPointExtension>
				</extensions>
			</trkpt>
			<trkpt lat="46.971575" lon="5.87758931">
				<ele>792.97</ele>
				<time>2025-11-08T13:53:54Z</time>
				<extensions>
					<ns3:TrackPointExtension>
						<ns3:speed>0.0</ns3:speed>
						<ns3:cad>0.0</ns3:cad>
						<ns3:hr>126</ns3:hr>
					</ns3:TrackPointExtension>
				</extensions>
			</trkpt>
			<trkpt lat="46.971575" lon="5.87758931">
				<ele>792.92</ele>
				<time>2025-11-08T13:53:55Z</time>
				<extensions>
					<ns3:TrackPointExtension>
						<ns3:speed>0.0</ns3:speed>
						<ns3:cad>0.0</ns3:cad>
						<ns3:hr>124</ns3:hr>
					</ns3:TrackPointExtension>
				</extensions>
			</trkpt>
			<trkpt lat="46.97157566" lon="5.87759097">
				<ele>792.87</ele>
				<time>2025-11-08T13:53:56Z</time>
				<extensions>
					<ns3:TrackPointExtension>
						<ns3:speed>0.0</ns3:speed>
						<ns3:cad>0.0</ns3:cad>
						<ns3:hr>124</ns3:hr>
					</ns3:TrackPointExtension>
				</extensions>
			</trkpt>
			<trkpt lat="46.97157467" lon="5.87759263">
				<ele>792.83</ele>
				<time>2025-11-08T13:53:57Z</time>
				<extensions>
					<ns3:TrackPointExtension>
						<ns3:speed>0.0</ns3:speed>
						<ns3:cad>0.0</ns3:cad>
						<ns3:hr>123</ns3:hr>
					</ns3:TrackPointExtension>
				</extensions>
			</trkpt>
			<trkpt lat="46.97157334" lon="5.87759396">
				<ele>792.8</ele>
				<time>2025-11-08T13:53:58Z</time>
				<extensions>
					<ns3:TrackPointExtension>
						<ns3:speed>0.0</ns3:speed>
						<ns3:cad>0.0</ns3:cad>
						<ns3:hr>123</ns3:hr>
					</ns3:TrackPointExtension>
				</extensions>
			</trkpt>
			<trkpt lat="46.97157235" lon="5.87759429">
				<ele>792.85</ele>
				<time>2025-11-08T13:53:59Z</time>
				<extensions>
					<ns3:TrackPointExtension>
						<ns3:speed>0.25</ns3:speed>
						<ns3:cad>0.0</ns3:cad>
						<ns3:hr>123</ns3:hr>
					</ns3:TrackPointExtension>
				</extensions>
			</trkpt>
			<trkpt lat="46.97157268" lon="5.87759462">
				<ele>792.89</ele>
				<time>2025-11-08T13:54:00Z</time>
				<extensions>
					<ns3:TrackPointExtension>
						<ns3:speed>0.0</ns3:speed>
						<ns3:cad>0.0</ns3:cad>
						<ns3:hr>123</ns3:hr>
					</ns3:TrackPointExtension>
				</extensions>
			</trkpt>
			<trkpt lat="46.97157202" lon="5.87759462">
				<ele>792.94</ele>
				<time>2025-11-08T13:54:01Z</time>
				<extensions>
					<ns3:TrackPointExtension>
						<ns3:speed>0.0</ns3:speed>
						<ns3:cad>0.0</ns3:cad>
						<ns3:hr>123</ns3:hr>
					</ns3:TrackPointExtension>
				</extensions>
			</trkpt>
			<trkpt lat="46.97157169" lon="5.87759462">
				<ele>792.98</ele>
				<time>2025-11-08T13:54:02Z</time>
				<extensions>
					<ns3:TrackPointExtension>
						<ns3:speed>0.0</ns3:speed>
						<ns3:cad>0.0</ns3:cad>
						<ns3:hr>122</ns3:hr>
					</ns3:TrackPointExtension>
				</extensions>
			</trkpt>
			<trkpt lat="46.97157136" lon="5.87759462">
				<ele>793.0</ele>
				<time>2025-11-08T13:54:03Z</time>
				<extensions>
					<ns3:TrackPointExtension>
						<ns3:speed>0.0</ns3:speed>
						<ns3:cad>0.0</ns3:cad>
						<ns3:hr>122</ns3:hr>
					</ns3:TrackPointExtension>
				</extensions>
			</trkpt>
			<trkpt lat="46.97157136" lon="5.87759462">
				<ele>793.02</ele>
				<time>2025-11-08T13:54:04Z</time>
				<extensions>
					<ns3:TrackPointExtension>
						<ns3:speed>0.0</ns3:speed>
						<ns3:cad>0.0</ns3:cad>
						<ns3:hr>123</ns3:hr>
					</ns3:TrackPointExtension>
				</extensions>
			</trkpt>
			<trkpt lat="46.97157136" lon="5.87759462">
				<ele>793.04</ele>
				<time>2025-11-08T13:54:05Z</time>
				<extensions>
					<ns3:TrackPointExtension>
						<ns3:speed>0.0</ns3:speed>
						<ns3:cad>0.0</ns3:cad>
						<ns3:hr>123</ns3:hr>
					</ns3:TrackPointExtension>
				</extensions>
			</trkpt>
			<trkpt lat="46.9715707" lon="5.87759528">
				<ele>793.05</ele>
				<time>2025-11-08T13:54:06Z</time>
				<extensions>
					<ns3:TrackPointExtension>
						<ns3:speed>0.0</ns3:speed>
						<ns3:cad>0.0</ns3:cad>
						<ns3:hr>122</ns3:hr>
					</ns3:TrackPointExtension>
				</extensions>
			</trkpt>
			<trkpt lat="46.97157103" lon="5.87759528">
				<ele>793.06</ele>
				<time>2025-11-08T13:54:07Z</time>
				<extensions>
					<ns3:TrackPointExtension>
						<ns3:speed>0.0</ns3:speed>
						<ns3:cad>0.0</ns3:cad>
						<ns3:hr>122</ns3:hr>
					</ns3:TrackPointExtension>
				</extensions>
			</trkpt>
			<trkpt lat="46.97157037" lon="5.87759295">
				<ele>793.08</ele>
				<time>2025-11-08T13:54:08Z</time>
				<extensions>
					<ns3:TrackPointExtension>
						<ns3:speed>0.0</ns3:speed>
						<ns3:cad>0.0</ns3:cad>
						<ns3:hr>122</ns3:hr>
					</ns3:TrackPointExtension>
				</extensions>
			</trkpt>
			<trkpt lat="46.97157037" lon="5.87759162">
				<ele>793.1</ele>
				<time>2025-11-08T13:54:09Z</time>
				<extensions>
					<ns3:TrackPointExtension>
						<ns3:speed>0.27</ns3:speed>
						<ns3:cad>0.0</ns3:cad>
						<ns3:hr>122</ns3:hr>
					</ns3:TrackPointExtension>
				</extensions>
			</trkpt>
			<trkpt lat="46.97156938" lon="5.87759228">
				<ele>793.1</ele>
				<time>2025-11-08T13:54:10Z</time>
				<extensions>
					<ns3:TrackPointExtension>
						<ns3:speed>0.0</ns3:speed>
						<ns3:cad>0.0</ns3:cad>
						<ns3:hr>122</ns3:hr>
					</ns3:TrackPointExtension>
				</extensions>
			</trkpt>
			<trkpt lat="46.97156905" lon="5.87759261">
				<ele>793.13</ele>
				<time>2025-11-08T13:54:11Z</time>
				<extensions>
					<ns3:TrackPointExtension>
						<ns3:speed>0.0</ns3:speed>
						<ns3:cad>0.0</ns3:cad>
						<ns3:hr>120</ns3:hr>
					</ns3:TrackPointExtension>
				</extensions>
			</trkpt>
			<trkpt lat="46.97156705" lon="5.87759294">
				<ele>793.12</ele>
				<time>2025-11-08T13:54:12Z</time>
				<extensions>
					<ns3:TrackPointExtension>
						<ns3:speed>0.0</ns3:speed>
						<ns3:cad>0.0</ns3:cad>
						<ns3:hr>119</ns3:hr>
					</ns3:TrackPointExtension>
				</extensions>
			</trkpt>
			<trkpt lat="46.97156705" lon="5.87759294">
				<ele>793.12</ele>
				<time>2025-11-08T13:54:13Z</time>
				<extensions>
					<ns3:TrackPointExtension>
						<ns3:speed>0.0</ns3:speed>
						<ns3:cad>0.0</ns3:cad>
						<ns3:hr>120</ns3:hr>
					</ns3:TrackPointExtension>
				</extensions>
			</trkpt>
			<trkpt lat="46.97156606" lon="5.87759294">
				<ele>793.11</ele>
				<time>2025-11-08T13:54:14Z</time>
				<extensions>
					<ns3:TrackPointExtension>
						<ns3:speed>0.0</ns3:speed>
						<ns3:cad>0.0</ns3:cad>
						<ns3:hr>119</ns3:hr>
					</ns3:TrackPointExtension>
				</extensions>
			</trkpt>
			<trkpt lat="46.97156606" lon="5.87759294">
				<ele>793.12</ele>
				<time>2025-11-08T13:54:15Z</time>
				<extensions>
					<ns3:TrackPointExtension>
						<ns3:speed>0.0</ns3:speed>
						<ns3:cad>0.0</ns3:cad>
						<ns3:hr>119</ns3:hr>
					</ns3:TrackPointExtension>
				</extensions>
			</trkpt>
			<trkpt lat="46.97156639" lon="5.87759228">
				<ele>793.1</ele>
				<time>2025-11-08T13:54:16Z</time>
				<extensions>
					<ns3:TrackPointExtension>
						<ns3:speed>0.0</ns3:speed>
						<ns3:cad>0.0</ns3:cad>
						<ns3:hr>119</ns3:hr>
					</ns3:TrackPointExtension>
				</extensions>
			</trkpt>
			<trkpt lat="46.97156639" lon="5.87759195">
				<ele>793.12</ele>
				<time>2025-11-08T13:54:17Z</time>
				<extensions>
					<ns3:TrackPointExtension>
						<ns3:speed>0.0</ns3:speed>
						<ns3:cad>0.0</ns3:cad>
						<ns3:hr>121</ns3:hr>
					</ns3:TrackPointExtension>
				</extensions>
			</trkpt>
			<trkpt lat="46.97156639" lon="5.87759095">
				<ele>793.14</ele>
				<time>2025-11-08T13:54:18Z</time>
				<extensions>
					<ns3:TrackPointExtension>
						<ns3:speed>0.0</ns3:speed>
						<ns3:cad>0.0</ns3:cad>
						<ns3:hr>124</ns3:hr>
					</ns3:TrackPointExtension>
				</extensions>
			</trkpt>
			<trkpt lat="46.97156639" lon="5.87758995">
				<ele>793.17</ele>
				<time>2025-11-08T13:54:19Z</time>
				<extensions>
					<ns3:TrackPointExtension>
						<ns3:speed>0.0</ns3:speed>
						<ns3:cad>0.0</ns3:cad>
						<ns3:hr>126</ns3:hr>
					</ns3:TrackPointExtension>
				</extensions>
			</trkpt>
			<trkpt lat="46.97156639" lon="5.87758995">
				<ele>793.17</ele>
				<time>2025-11-08T13:54:20Z</time>
				<extensions>
					<ns3:TrackPointExtension>
						<ns3:speed>0.0</ns3:speed>
						<ns3:cad>0.0</ns3:cad>
						<ns3:hr>126</ns3:hr>
					</ns3:TrackPointExtension>
				</extensions>
			</trkpt>
			<trkpt lat="46.97156639" lon="5.87758995">
				<ele>793.17</ele>
				<time>2025-11-08T13:54:21Z</time>
				<extensions>
					<ns3:TrackPointExtension>
						<ns3:speed>0.0</ns3:speed>
						<ns3:cad>0.0</ns3:cad>
						<ns3:hr>127</ns3:hr>
					</ns3:TrackPointExtension>
				</extensions>
			</trkpt>
			<trkpt lat="46.97156639" lon="5.87758929">
				<ele>793.11</ele>
				<time>2025-11-08T13:54:22Z</time>
				<extensions>
					<ns3:TrackPointExtension>
						<ns3:speed>0.0</ns3:speed>
						<ns3:cad>0.0</ns3:cad>
						<ns3:hr>130</ns3:hr>
					</ns3:TrackPointExtension>
				</extensions>
			</trkpt>
			<trkpt lat="46.97156639" lon="5.87758863">
				<ele>793.07</ele>
				<time>2025-11-08T13:54:23Z</time>
				<extensions>
					<ns3:TrackPointExtension>
						<ns3:speed>0.0</ns3:speed>
						<ns3:cad>0.0</ns3:cad>
						<ns3:hr>138</ns3:hr>
					</ns3:TrackPointExtension>
				</extensions>
			</trkpt>
			<trkpt lat="46.97156639" lon="5.87758863">
				<ele>793.02</ele>
				<time>2025-11-08T13:54:24Z</time>
				<extensions>
					<ns3:TrackPointExtension>
						<ns3:speed>0.0</ns3:speed>
						<ns3:cad>0.0</ns3:cad>
						<ns3:hr>142</ns3:hr>
					</ns3:TrackPointExtension>
				</extensions>
			</trkpt>
			<trkpt lat="46.97156639" lon="5.8775883">
				<ele>792.99</ele>
				<time>2025-11-08T13:54:25Z</time>
				<extensions>
					<ns3:TrackPointExtension>
						<ns3:speed>0.0</ns3:speed>
						<ns3:cad>0.0</ns3:cad>
						<ns3:hr>141</ns3:hr>
					</ns3:TrackPointExtension>
				</extensions>
			</trkpt>
			<trkpt lat="46.97156639" lon="5.8775883">
				<ele>793.0</ele>
				<time>2025-11-08T13:54:26Z</time>
				<extensions>
					<ns3:TrackPointExtension>
						<ns3:speed>0.0</ns3:speed>
						<ns3:cad>0.0</ns3:cad>
						<ns3:hr>141</ns3:hr>
					</ns3:TrackPointExtension>
				</extensions>
			</trkpt>
			<trkpt lat="46.97156639" lon="5.8775883">
				<ele>793.0</ele>
				<time>2025-11-08T13:54:27Z</time>
				<extensions>
					<ns3:TrackPointExtension>
						<ns3:speed>0.0</ns3:speed>
						<ns3:cad>0.0</ns3:cad>
						<ns3:hr>141</ns3:hr>
					</ns3:TrackPointExtension>
				</extensions>
			</trkpt>
			<trkpt lat="46.97156639" lon="5.8775883">
				<ele>792.98</ele>
				<time>2025-11-08T13:54:28Z</time>
				<extensions>
					<ns3:TrackPointExtension>
						<ns3:speed>0.0</ns3:speed>
						<ns3:cad>0.0</ns3:cad>
						<ns3:hr>140</ns3:hr>
					</ns3:TrackPointExtension>
				</extensions>
			</trkpt>
			<trkpt lat="46.97156639" lon="5.8775883">
				<ele>793.0</ele>
				<time>2025-11-08T13:54:29Z</time>
				<extensions>
					<ns3:TrackPointExtension>
						<ns3:speed>0.0</ns3:speed>
						<ns3:cad>0.0</ns3:cad>
						<ns3:hr>137</ns3:hr>
					</ns3:TrackPointExtension>
				</extensions>
			</trkpt>
			<trkpt lat="46.97156639" lon="5.8775883">
				<ele>793.02</ele>
				<time>2025-11-08T13:54:30Z</time>
				<extensions>
					<ns3:TrackPointExtension>
						<ns3:speed>0.0</ns3:speed>
						<ns3:cad>0.0</ns3:cad>
						<ns3:hr>134</ns3:hr>
					</ns3:TrackPointExtension>
				</extensions>
			</trkpt>
			<trkpt lat="46.97156639" lon="5.87758764">
				<ele>793.03</ele>
				<time>2025-11-08T13:54:31Z</time>
				<extensions>
					<ns3:TrackPointExtension>
						<ns3:speed>0.0</ns3:speed>
						<ns3:cad>0.0</ns3:cad>
						<ns3:hr>133</ns3:hr>
					</ns3:TrackPointExtension>
				</extensions>
			</trkpt>
			<trkpt lat="46.97156639" lon="5.87758764">
				<ele>793.04</ele>
				<time>2025-11-08T13:54:32Z</time>
				<extensions>
					<ns3:TrackPointExtension>
						<ns3:speed>0.0</ns3:speed>
						<ns3:cad>0.0</ns3:cad>
						<ns3:hr>132</ns3:hr>
					</ns3:TrackPointExtension>
				</extensions>
			</trkpt>
			<trkpt lat="46.97156639" lon="5.87758797">
				<ele>793.06</ele>
				<time>2025-11-08T13:54:33Z</time>
				<extensions>
					<ns3:TrackPointExtension>
						<ns3:speed>0.0</ns3:speed>
						<ns3:cad>0.0</ns3:cad>
						<ns3:hr>131</ns3:hr>
					</ns3:TrackPointExtension>
				</extensions>
			</trkpt>
			<trkpt lat="46.97156639" lon="5.87758797">
				<ele>793.09</ele>
				<time>2025-11-08T13:54:34Z</time>
				<extensions>
					<ns3:TrackPointExtension>
						<ns3:speed>0.0</ns3:speed>
						<ns3:cad>0.0</ns3:cad>
						<ns3:hr>131</ns3:hr>
					</ns3:TrackPointExtension>
				</extensions>
			</trkpt>
			<trkpt lat="46.97156639" lon="5.87758797">
				<ele>793.11</ele>
				<time>2025-11-08T13:54:35Z</time>
				<extensions>
					<ns3:TrackPointExtension>
						<ns3:speed>0.0</ns3:speed>
						<ns3:cad>0.0</ns3:cad>
						<ns3:hr>131</ns3:hr>
					</ns3:TrackPointExtension>
				</extensions>
			</trkpt>
			<trkpt lat="46.97156639" lon="5.87758797">
				<ele>793.14</ele>
				<time>2025-11-08T13:54:36Z</time>
				<extensions>
					<ns3:TrackPointExtension>
						<ns3:speed>0.0</ns3:speed>
						<ns3:cad>0.0</ns3:cad>
						<ns3:hr>131</ns3:hr>
					</ns3:TrackPointExtension>
				</extensions>
			</trkpt>
			<trkpt lat="46.97156639" lon="5.87758797">
				<ele>793.17</ele>
				<time>2025-11-08T13:54:37Z</time>
				<extensions>
					<ns3:TrackPointExtension>
						<ns3:speed>0.0</ns3:speed>
						<ns3:cad>0.0</ns3:cad>
						<ns3:hr>133</ns3:hr>
					</ns3:TrackPointExtension>
				</extensions>
			</trkpt>
			<trkpt lat="46.97156639" lon="5.87758797">
				<ele>793.19</ele>
				<time>2025-11-08T13:54:38Z</time>
				<extensions>
					<ns3:TrackPointExtension>
						<ns3:speed>0.0</ns3:speed>
						<ns3:cad>0.0</ns3:cad>
						<ns3:hr>135</ns3:hr>
					</ns3:TrackPointExtension>
				</extensions>
			</trkpt>
			<trkpt lat="46.97156639" lon="5.87758731">
				<ele>793.2</ele>
				<time>2025-11-08T13:54:39Z</time>
				<extensions>
					<ns3:TrackPointExtension>
						<ns3:speed>0.0</ns3:speed>
						<ns3:cad>0.0</ns3:cad>
						<ns3:hr>137</ns3:hr>
					</ns3:TrackPointExtension>
				</extensions>
			</trkpt>
			<trkpt lat="46.97156639" lon="5.87758698">
				<ele>793.21</ele>
				<time>2025-11-08T13:54:40Z</time>
				<extensions>
					<ns3:TrackPointExtension>
						<ns3:speed>0.0</ns3:speed>
						<ns3:cad>0.0</ns3:cad>
						<ns3:hr>138</ns3:hr>
					</ns3:TrackPointExtension>
				</extensions>
			</trkpt>
			<trkpt lat="46.97156639" lon="5.87758698">
				<ele>793.22</ele>
				<time>2025-11-08T13:54:41Z</time>
				<extensions>
					<ns3:TrackPointExtension>
						<ns3:speed>0.0</ns3:speed>
						<ns3:cad>0.0</ns3:cad>
						<ns3:hr>138</ns3:hr>
					</ns3:TrackPointExtension>
				</extensions>
			</trkpt>
			<trkpt lat="46.97156639" lon="5.87758665">
				<ele>793.23</ele>
				<time>2025-11-08T13:54:42Z</time>
				<extensions>
					<ns3:TrackPointExtension>
						<ns3:speed>0.0</ns3:speed>
						<ns3:cad>0.0</ns3:cad>
						<ns3:hr>139</ns3:hr>
					</ns3:TrackPointExtension>
				</extensions>
			</trkpt>
			<trkpt lat="46.97156639" lon="5.87758665">
				<ele>793.24</ele>
				<time>2025-11-08T13:54:43Z</time>
				<extensions>
					<ns3:TrackPointExtension>
						<ns3:speed>0.0</ns3:speed>
						<ns3:cad>0.0</ns3:cad>
						<ns3:hr>140</ns3:hr>
					</ns3:TrackPointExtension>
				</extensions>
			</trkpt>
			<trkpt lat="46.97156639" lon="5.87758665">
				<ele>793.21</ele>
				<time>2025-11-08T13:54:44Z</time>
				<extensions>
					<ns3:TrackPointExtension>
						<ns3:speed>0.0</ns3:speed>
						<ns3:cad>0.0</ns3:cad>
						<ns3:hr>140</ns3:hr>
					</ns3:TrackPointExtension>
				</extensions>
			</trkpt>
			<trkpt lat="46.97156705" lon="5.87758665">
				<ele>793.19</ele>
				<time>2025-11-08T13:54:45Z</time>
				<extensions>
					<ns3:TrackPointExtension>
						<ns3:speed>0.0</ns3:speed>
						<ns3:cad>0.0</ns3:cad>
						<ns3:hr>141</ns3:hr>
					</ns3:TrackPointExtension>
				</extensions>
			</trkpt>
			<trkpt lat="46.97156771" lon="5.87758731">
				<ele>793.18</ele>
				<time>2025-11-08T13:54:46Z</time>
				<extensions>
					<ns3:TrackPointExtension>
						<ns3:speed>0.0</ns3:speed>
						<ns3:cad>0.0</ns3:cad>
						<ns3:hr>142</ns3:hr>
					</ns3:TrackPointExtension>
				</extensions>
			</trkpt>
			<trkpt lat="46.97157171" lon="5.87758531">
				<ele>793.18</ele>
				<time>2025-11-08T13:54:47Z</time>
				<extensions>
					<ns3:TrackPointExtension>
						<ns3:speed>0.0</ns3:speed>
						<ns3:cad>0.0</ns3:cad>
						<ns3:hr>142</ns3:hr>
					</ns3:TrackPointExtension>
				</extensions>
			</trkpt>
			<trkpt lat="46.97157637" lon="5.87758431">
				<ele>793.18</ele>
				<time>2025-11-08T13:54:48Z</time>
				<extensions>
					<ns3:TrackPointExtension>
						<ns3:speed>0.0</ns3:speed>
						<ns3:cad>0.0</ns3:cad>
						<ns3:hr>143</ns3:hr>
					</ns3:TrackPointExtension>
				</extensions>
			</trkpt>
			<trkpt lat="46.97158103" lon="5.87758032">
				<ele>793.23</ele>
				<time>2025-11-08T13:54:49Z</time>
				<extensions>
					<ns3:TrackPointExtension>
						<ns3:speed>0.67</ns3:speed>
						<ns3:cad>0.0</ns3:cad>
						<ns3:hr>142</ns3:hr>
					</ns3:TrackPointExtension>
				</extensions>
			</trkpt>
			<trkpt lat="46.97158269" lon="5.87756933">
				<ele>793.27</ele>
				<time>2025-11-08T13:54:50Z</time>
				<extensions>
					<ns3:TrackPointExtension>
						<ns3:speed>0.64</ns3:speed>
						<ns3:cad>0.0</ns3:cad>
						<ns3:hr>142</ns3:hr>
					</ns3:TrackPointExtension>
				</extensions>
			</trkpt>
			<trkpt lat="46.97158269" lon="5.877555">
				<ele>793.25</ele>
				<time>2025-11-08T13:54:51Z</time>
				<extensions>
					<ns3:TrackPointExtension>
						<ns3:speed>1.04</ns3:speed>
						<ns3:cad>0.0</ns3:cad>
						<ns3:hr>142</ns3:hr>
					</ns3:TrackPointExtension>
				</extensions>
			</trkpt>
			<trkpt lat="46.97158435" lon="5.87753701">
				<ele>793.18</ele>
				<time>2025-11-08T13:54:52Z</time>
				<extensions>
					<ns3:TrackPointExtension>
						<ns3:speed>1.6</ns3:speed>
						<ns3:cad>0.0</ns3:cad>
						<ns3:hr>142</ns3:hr>
					</ns3:TrackPointExtension>
				</extensions>
			</trkpt>
			<trkpt lat="46.97158835" lon="5.87752068">
				<ele>793.1</ele>
				<time>2025-11-08T13:54:53Z</time>
				<extensions>
					<ns3:TrackPointExtension>
						<ns3:speed>1.56</ns3:speed>
						<ns3:cad>0.0</ns3:cad>
						<ns3:hr>142</ns3:hr>
					</ns3:TrackPointExtension>
				</extensions>
			</trkpt>
			<trkpt lat="46.97159734" lon="5.87751102">
				<ele>793.03</ele>
				<time>2025-11-08T13:54:54Z</time>
				<extensions>
					<ns3:TrackPointExtension>
						<ns3:speed>1.47</ns3:speed>
						<ns3:cad>0.0</ns3:cad>
						<ns3:hr>141</ns3:hr>
					</ns3:TrackPointExtension>
				</extensions>
			</trkpt>
			<trkpt lat="46.971613" lon="5.87750302">
				<ele>792.92</ele>
				<time>2025-11-08T13:54:55Z</time>
				<extensions>
					<ns3:TrackPointExtension>
						<ns3:speed>2.08</ns3:speed>
						<ns3:cad>0.0</ns3:cad>
						<ns3:hr>142</ns3:hr>
					</ns3:TrackPointExtension>
				</extensions>
			</trkpt>
			<trkpt lat="46.97163566" lon="5.87749169">
				<ele>792.81</ele>
				<time>2025-11-08T13:54:56Z</time>
				<extensions>
					<ns3:TrackPointExtension>
						<ns3:speed>3.25</ns3:speed>
						<ns3:cad>0.0</ns3:cad>
						<ns3:hr>142</ns3:hr>
					</ns3:TrackPointExtension>
				</extensions>
			</trkpt>
			<trkpt lat="46.97166665" lon="5.87747036">
				<ele>792.73</ele>
				<time>2025-11-08T13:54:57Z</time>
				<extensions>
					<ns3:TrackPointExtension>
						<ns3:speed>3.92</ns3:speed>
						<ns3:cad>0.0</ns3:cad>
						<ns3:hr>142</ns3:hr>
					</ns3:TrackPointExtension>
				</extensions>
			</trkpt>
			<trkpt lat="46.97170531" lon="5.8774447">
				<ele>792.67</ele>
				<time>2025-11-08T13:54:58Z</time>
				<extensions>
					<ns3:TrackPointExtension>
						<ns3:speed>5.71</ns3:speed>
						<ns3:cad>0.0</ns3:cad>
						<ns3:hr>142</ns3:hr>
					</ns3:TrackPointExtension>
				</extensions>
			</trkpt>
			<trkpt lat="46.9717483" lon="5.87742204">
				<ele>792.6</ele>
				<time>2025-11-08T13:54:59Z</time>
				<extensions>
					<ns3:TrackPointExtension>
						<ns3:speed>6.28</ns3:speed>
						<ns3:cad>0.0</ns3:cad>
						<ns3:hr>142</ns3:hr>
					</ns3:TrackPointExtension>
				</extensions>
			</trkpt>
			<trkpt lat="46.97179363" lon="5.87740938">
				<ele>792.57</ele>
				<time>2025-11-08T13:55:00Z</time>
				<extensions>
					<ns3:TrackPointExtension>
						<ns3:speed>5.52</ns3:speed>
						<ns3:cad>0.0</ns3:cad>
						<ns3:hr>142</ns3:hr>
					</ns3:TrackPointExtension>
				</extensions>
			</trkpt>
			<trkpt lat="46.97183863" lon="5.87740405">
				<ele>792.56</ele>
				<time>2025-11-08T13:55:01Z</time>
				<extensions>
					<ns3:TrackPointExtension>
						<ns3:speed>5.1</ns3:speed>
						<ns3:cad>0.0</ns3:cad>
						<ns3:hr>143</ns3:hr>
					</ns3:TrackPointExtension>
				</extensions>
			</trkpt>
			<trkpt lat="46.97188263" lon="5.87740571">
				<ele>792.59</ele>
				<time>2025-11-08T13:55:02Z</time>
				<extensions>
					<ns3:TrackPointExtension>
						<ns3:speed>4.8</ns3:speed>
						<ns3:cad>0.0</ns3:cad>
						<ns3:hr>143</ns3:hr>
					</ns3:TrackPointExtension>
				</extensions>
			</trkpt>
			<trkpt lat="46.97192663" lon="5.87741671">
				<ele>792.83</ele>
				<time>2025-11-08T13:55:03Z</time>
				<extensions>
					<ns3:TrackPointExtension>
						<ns3:speed>4.5</ns3:speed>
						<ns3:cad>0.0</ns3:cad>
						<ns3:hr>142</ns3:hr>
					</ns3:TrackPointExtension>
				</extensions>
			</trkpt>
			<trkpt lat="46.97196529" lon="5.8774507">
				<ele>793.26</ele>
				<time>2025-11-08T13:55:04Z</time>
				<extensions>
					<ns3:TrackPointExtension>
						<ns3:speed>5.26</ns3:speed>
						<ns3:cad>0.0</ns3:cad>
						<ns3:hr>142</ns3:hr>
					</ns3:TrackPointExtension>
				</extensions>
			</trkpt>
			<trkpt lat="46.97199895" lon="5.87750903">
				<ele>793.73</ele>
				<time>2025-11-08T13:55:05Z</time>
				<extensions>
					<ns3:TrackPointExtension>
						<ns3:speed>6.94</ns3:speed>
						<ns3:cad>0.0</ns3:cad>
						<ns3:hr>142</ns3:hr>
					</ns3:TrackPointExtension>
				</extensions>
			</trkpt>
			<trkpt lat="46.97202395" lon="5.87759269">
				<ele>794.12</ele>
				<time>2025-11-08T13:55:06Z</time>
				<extensions>
					<ns3:TrackPointExtension>
						<ns3:speed>7.69</ns3:speed>
						<ns3:cad>0.0</ns3:cad>
						<ns3:hr>143</ns3:hr>
					</ns3:TrackPointExtension>
				</extensions>
			</trkpt>
			<trkpt lat="46.97203961" lon="5.87768835">
				<ele>794.44</ele>
				<time>2025-11-08T13:55:07Z</time>
				<extensions>
					<ns3:TrackPointExtension>
						<ns3:speed>8.69</ns3:speed>
						<ns3:cad>0.0</ns3:cad>
						<ns3:hr>140</ns3:hr>
					</ns3:TrackPointExtension>
				</extensions>
			</trkpt>
			<trkpt lat="46.97205094" lon="5.87778201">
				<ele>794.73</ele>
				<time>2025-11-08T13:55:08Z</time>
				<extensions>
					<ns3:TrackPointExtension>
						<ns3:speed>7.57</ns3:speed>
						<ns3:cad>0.0</ns3:cad>
						<ns3:hr>136</ns3:hr>
					</ns3:TrackPointExtension>
				</extensions>
			</trkpt>
			<trkpt lat="46.97205993" lon="5.87787167">
				<ele>794.96</ele>
				<time>2025-11-08T13:55:09Z</time>
				<extensions>
					<ns3:TrackPointExtension>
						<ns3:speed>6.62</ns3:speed>
						<ns3:cad>0.0</ns3:cad>
						<ns3:hr>136</ns3:hr>
					</ns3:TrackPointExtension>
				</extensions>
			</trkpt>
			<trkpt lat="46.97206726" lon="5.877962">
				<ele>795.24</ele>
				<time>2025-11-08T13:55:10Z</time>
				<extensions>
					<ns3:TrackPointExtension>
						<ns3:speed>6.41</ns3:speed>
						<ns3:cad>0.0</ns3:cad>
						<ns3:hr>134</ns3:hr>
					</ns3:TrackPointExtension>
				</extensions>
			</trkpt>
			<trkpt lat="46.97207592" lon="5.87805533">
				<ele>795.57</ele>
				<time>2025-11-08T13:55:11Z</time>
				<extensions>
					<ns3:TrackPointExtension>
						<ns3:speed>7.09</ns3:speed>
						<ns3:cad>0.0</ns3:cad>
						<ns3:hr>129</ns3:hr>
					</ns3:TrackPointExtension>
				</extensions>
			</trkpt>
			<trkpt lat="46.97208558" lon="5.87814966">
				<ele>795.86</ele>
				<time>2025-11-08T13:55:12Z</time>
				<extensions>
					<ns3:TrackPointExtension>
						<ns3:speed>7.35</ns3:speed>
						<ns3:cad>0.0</ns3:cad>
						<ns3:hr>128</ns3:hr>
					</ns3:TrackPointExtension>
				</extensions>
			</trkpt>
			<trkpt lat="46.97209991" lon="5.87824499">
				<ele>796.22</ele>
				<time>2025-11-08T13:55:13Z</time>
				<extensions>
					<ns3:TrackPointExtension>
						<ns3:speed>7.75</ns3:speed>
						<ns3:cad>0.0</ns3:cad>
						<ns3:hr>130</ns3:hr>
					</ns3:TrackPointExtension>
				</extensions>
			</trkpt>
			<trkpt lat="46.97211724" lon="5.87833965">
				<ele>796.57</ele>
				<time>2025-11-08T13:55:14Z</time>
				<extensions>
					<ns3:TrackPointExtension>
						<ns3:speed>7.63</ns3:speed>
						<ns3:cad>0.0</ns3:cad>
						<ns3:hr>129</ns3:hr>
					</ns3:TrackPointExtension>
				</extensions>
			</trkpt>
			<trkpt lat="46.97213423" lon="5.87843365">
				<ele>796.88</ele>
				<time>2025-11-08T13:55:15Z</time>
				<extensions>
					<ns3:TrackPointExtension>
						<ns3:speed>7.35</ns3:speed>
						<ns3:cad>0.0</ns3:cad>
						<ns3:hr>131</ns3:hr>
					</ns3:TrackPointExtension>
				</extensions>
			</trkpt>
			<trkpt lat="46.97214889" lon="5.87853031">
				<ele>797.13</ele>
				<time>2025-11-08T13:55:16Z</time>
				<extensions>
					<ns3:TrackPointExtension>
						<ns3:speed>7.51</ns3:speed>
						<ns3:cad>0.0</ns3:cad>
						<ns3:hr>133</ns3:hr>
					</ns3:TrackPointExtension>
				</extensions>
			</trkpt>
			<trkpt lat="46.97216388" lon="5.87862664">
				<ele>797.48</ele>
				<time>2025-11-08T13:55:17Z</time>
				<extensions>
					<ns3:TrackPointExtension>
						<ns3:speed>7.69</ns3:speed>
						<ns3:cad>0.0</ns3:cad>
						<ns3:hr>124</ns3:hr>
					</ns3:TrackPointExtension>
				</extensions>
			</trkpt>
			<trkpt lat="46.97218087" lon="5.87872264">
				<ele>797.86</ele>
				<time>2025-11-08T13:55:18Z</time>
				<extensions>
					<ns3:TrackPointExtension>
						<ns3:speed>7.51</ns3:speed>
						<ns3:cad>0.0</ns3:cad>
						<ns3:hr>121</ns3:hr>
					</ns3:TrackPointExtension>
				</extensions>
			</trkpt>
			<trkpt lat="46.9721992" lon="5.87881663">
				<ele>798.28</ele>
				<time>2025-11-08T13:55:19Z</time>
				<extensions>
					<ns3:TrackPointExtension>
						<ns3:speed>7.29</ns3:speed>
						<ns3:cad>0.0</ns3:cad>
						<ns3:hr>120</ns3:hr>
					</ns3:TrackPointExtension>
				</extensions>
			</trkpt>
			<trkpt lat="46.97221786" lon="5.87891063">
				<ele>798.64</ele>
				<time>2025-11-08T13:55:20Z</time>
				<extensions>
					<ns3:TrackPointExtension>
						<ns3:speed>7.29</ns3:speed>
						<ns3:cad>0.0</ns3:cad>
						<ns3:hr>121</ns3:hr>
					</ns3:TrackPointExtension>
				</extensions>
			</trkpt>
			<trkpt lat="46.97223719" lon="5.87900429">
				<ele>799.07</ele>
				<time>2025-11-08T13:55:21Z</time>
				<extensions>
					<ns3:TrackPointExtension>
						<ns3:speed>7.35</ns3:speed>
						<ns3:cad>0.0</ns3:cad>
						<ns3:hr>121</ns3:hr>
					</ns3:TrackPointExtension>
				</extensions>
			</trkpt>
			<trkpt lat="46.97225752" lon="5.87909995">
				<ele>799.42</ele>
				<time>2025-11-08T13:55:22Z</time>
				<extensions>
					<ns3:TrackPointExtension>
						<ns3:speed>7.63</ns3:speed>
						<ns3:cad>0.0</ns3:cad>
						<ns3:hr>121</ns3:hr>
					</ns3:TrackPointExtension>
				</extensions>
			</trkpt>
			<trkpt lat="46.97227985" lon="5.87919361">
				<ele>799.78</ele>
				<time>2025-11-08T13:55:23Z</time>
				<extensions>
					<ns3:TrackPointExtension>
						<ns3:speed>7.75</ns3:speed>
						<ns3:cad>0.0</ns3:cad>
						<ns3:hr>120</ns3:hr>
					</ns3:TrackPointExtension>
				</extensions>
			</trkpt>
			<trkpt lat="46.97230284" lon="5.8792866">
				<ele>800.13</ele>
				<time>2025-11-08T13:55:24Z</time>
				<extensions>
					<ns3:TrackPointExtension>
						<ns3:speed>7.75</ns3:speed>
						<ns3:cad>0.0</ns3:cad>
						<ns3:hr>124</ns3:hr>
					</ns3:TrackPointExtension>
				</extensions>
			</trkpt>
			<trkpt lat="46.97232684" lon="5.87937926">
				<ele>800.5</ele>
				<time>2025-11-08T13:55:25Z</time>
				<extensions>
					<ns3:TrackPointExtension>
						<ns3:speed>7.57</ns3:speed>
						<ns3:cad>0.0</ns3:cad>
						<ns3:hr>124</ns3:hr>
					</ns3:TrackPointExtension>
				</extensions>
			</trkpt>
			<trkpt lat="46.9723495" lon="5.87947292">
				<ele>800.84</ele>
				<time>2025-11-08T13:55:26Z</time>
				<extensions>
					<ns3:TrackPointExtension>
						<ns3:speed>7.51</ns3:speed>
						<ns3:cad>0.0</ns3:cad>
						<ns3:hr>123</ns3:hr>
					</ns3:TrackPointExtension>
				</extensions>
			</trkpt>
			<trkpt lat="46.97236949" lon="5.87957025">
				<ele>801.28</ele>
				<time>2025-11-08T13:55:27Z</time>
				<extensions>
					<ns3:TrackPointExtension>
						<ns3:speed>7.81</ns3:speed>
						<ns3:cad>0.0</ns3:cad>
						<ns3:hr>122</ns3:hr>
					</ns3:TrackPointExtension>
				</extensions>
			</trkpt>
			<trkpt lat="46.97238749" lon="5.87967124">
				<ele>801.77</ele>
				<time>2025-11-08T13:55:28Z</time>
				<extensions>
					<ns3:TrackPointExtension>
						<ns3:speed>8.19</ns3:speed>
						<ns3:cad>0.0</ns3:cad>
						<ns3:hr>121</ns3:hr>
					</ns3:TrackPointExtension>
				</extensions>
			</trkpt>
			<trkpt lat="46.97240448" lon="5.87977523">
				<ele>802.21</ele>
				<time>2025-11-08T13:55:29Z</time>
				<extensions>
					<ns3:TrackPointExtension>
						<ns3:speed>8.4</ns3:speed>
						<ns3:cad>0.0</ns3:cad>
						<ns3:hr>121</ns3:hr>
					</ns3:TrackPointExtension>
				</extensions>
			</trkpt>
			<trkpt lat="46.97242114" lon="5.87988023">
				<ele>802.6</ele>
				<time>2025-11-08T13:55:30Z</time>
				<extensions>
					<ns3:TrackPointExtension>
						<ns3:speed>8.4</ns3:speed>
						<ns3:cad>0.0</ns3:cad>
						<ns3:hr>120</ns3:hr>
					</ns3:TrackPointExtension>
				</extensions>
			</trkpt>
			<trkpt lat="46.9724378" lon="5.87998589">
				<ele>802.98</ele>
				<time>2025-11-08T13:55:31Z</time>
				<extensions>
					<ns3:TrackPointExtension>
						<ns3:speed>8.33</ns3:speed>
						<ns3:cad>0.0</ns3:cad>
						<ns3:hr>122</ns3:hr>
					</ns3:TrackPointExtension>
				</extensions>
			</trkpt>
			<trkpt lat="46.97245246" lon="5.88009288">
				<ele>803.41</ele>
				<time>2025-11-08T13:55:32Z</time>
				<extensions>
					<ns3:TrackPointExtension>
						<ns3:speed>8.33</ns3:speed>
						<ns3:cad>0.0</ns3:cad>
						<ns3:hr>127</ns3:hr>
					</ns3:TrackPointExtension>
				</extensions>
			</trkpt>
			<trkpt lat="46.97246745" lon="5.88020021">
				<ele>803.84</ele>
				<time>2025-11-08T13:55:33Z</time>
				<extensions>
					<ns3:TrackPointExtension>
						<ns3:speed>8.33</ns3:speed>
						<ns3:cad>0.0</ns3:cad>
						<ns3:hr>131</ns3:hr>
					</ns3:TrackPointExtension>
				</extensions>
			</trkpt>
			<trkpt lat="46.97248278" lon="5.88030654">
				<ele>804.28</ele>
				<time>2025-11-08T13:55:34Z</time>
				<extensions>
					<ns3:TrackPointExtension>
						<ns3:speed>8.33</ns3:speed>
						<ns3:cad>0.0</ns3:cad>
						<ns3:hr>133</ns3:hr>
					</ns3:TrackPointExtension>
				</extensions>
			</trkpt>
			<trkpt lat="46.97250011" lon="5.8804132">
				<ele>804.8</ele>
				<time>2025-11-08T13:55:35Z</time>
				<extensions>
					<ns3:TrackPointExtension>
						<ns3:speed>8.33</ns3:speed>
						<ns3:cad>0.0</ns3:cad>
						<ns3:hr>134</ns3:hr>
					</ns3:TrackPointExtension>
				</extensions>
			</trkpt>
			<trkpt lat="46.97251944" lon="5.88051986">
				<ele>805.25</ele>
				<time>2025-11-08T13:55:36Z</time>
				<extensions>
					<ns3:TrackPointExtension>
						<ns3:speed>8.33</ns3:speed>
						<ns3:cad>0.0</ns3:cad>
						<ns3:hr>135</ns3:hr>
					</ns3:TrackPointExtension>
				</extensions>
			</trkpt>
			<trkpt lat="46.97253944" lon="5.88062586">
				<ele>805.71</ele>
				<time>2025-11-08T13:55:37Z</time>
				<extensions>
					<ns3:TrackPointExtension>
						<ns3:speed>8.4</ns3:speed>
						<ns3:cad>0.0</ns3:cad>
						<ns3:hr>134</ns3:hr>
					</ns3:TrackPointExtension>
				</extensions>
			</trkpt>
			<trkpt lat="46.97256143" lon="5.88073119">
				<ele>806.14</ele>
				<time>2025-11-08T13:55:38Z</time>
				<extensions>
					<ns3:TrackPointExtension>
						<ns3:speed>8.4</ns3:speed>
						<ns3:cad>0.0</ns3:cad>
						<ns3:hr>133</ns3:hr>
					</ns3:TrackPointExtension>
				</extensions>
			</trkpt>
			<trkpt lat="46.97258609" lon="5.88083519">
				<ele>806.64</ele>
				<time>2025-11-08T13:55:39Z</time>
				<extensions>
					<ns3:TrackPointExtension>
						<ns3:speed>8.4</ns3:speed>
						<ns3:cad>0.0</ns3:cad>
						<ns3:hr>133</ns3:hr>
					</ns3:TrackPointExtension>
				</extensions>
			</trkpt>
			<trkpt lat="46.97261342" lon="5.88093818">
				<ele>807.21</ele>
				<time>2025-11-08T13:55:40Z</time>
				<extensions>
					<ns3:TrackPointExtension>
						<ns3:speed>8.47</ns3:speed>
						<ns3:cad>0.0</ns3:cad>
						<ns3:hr>136</ns3:hr>
					</ns3:TrackPointExtension>
				</extensions>
			</trkpt>
			<trkpt lat="46.97264175" lon="5.88104151">
				<ele>807.81</ele>
				<time>2025-11-08T13:55:41Z</time>
				<extensions>
					<ns3:TrackPointExtension>
						<ns3:speed>8.54</ns3:speed>
						<ns3:cad>0.0</ns3:cad>
						<ns3:hr>137</ns3:hr>
					</ns3:TrackPointExtension>
				</extensions>
			</trkpt>
			<trkpt lat="46.97267108" lon="5.88114351">
				<ele>808.39</ele>
				<time>2025-11-08T13:55:42Z</time>
				<extensions>
					<ns3:TrackPointExtension>
						<ns3:speed>8.54</ns3:speed>
						<ns3:cad>0.0</ns3:cad>
						<ns3:hr>138</ns3:hr>
					</ns3:TrackPointExtension>
				</extensions>
			</trkpt>
			<trkpt lat="46.97269974" lon="5.8812445">
				<ele>808.95</ele>
				<time>2025-11-08T13:55:43Z</time>
				<extensions>
					<ns3:TrackPointExtension>
						<ns3:speed>8.4</ns3:speed>
						<ns3:cad>0.0</ns3:cad>
						<ns3:hr>138</ns3:hr>
					</ns3:TrackPointExtension>
				</extensions>
			</trkpt>
			<trkpt lat="46.97272973" lon="5.88134316">
				<ele>809.6</ele>
				<time>2025-11-08T13:55:44Z</time>
				<extensions>
					<ns3:TrackPointExtension>
						<ns3:speed>8.19</ns3:speed>
						<ns3:cad>0.0</ns3:cad>
						<ns3:hr>135</ns3:hr>
					</ns3:TrackPointExtension>
				</extensions>
			</trkpt>
			<trkpt lat="46.97276306" lon="5.88144049">
				<ele>810.18</ele>
				<time>2025-11-08T13:55:45Z</time>
				<extensions>
					<ns3:TrackPointExtension>
						<ns3:speed>8.06</ns3:speed>
						<ns3:cad>0.0</ns3:cad>
						<ns3:hr>134</ns3:hr>
					</ns3:TrackPointExtension>
				</extensions>
			</trkpt>
			<trkpt lat="46.97280039" lon="5.88153615">
				<ele>810.66</ele>
				<time>2025-11-08T13:55:46Z</time>
				<extensions>
					<ns3:TrackPointExtension>
						<ns3:speed>8.19</ns3:speed>
						<ns3:cad>0.0</ns3:cad>
						<ns3:hr>133</ns3:hr>
					</ns3:TrackPointExtension>
				</extensions>
			</trkpt>
			<trkpt lat="46.97284005" lon="5.88162881">
				<ele>811.06</ele>
				<time>2025-11-08T13:55:47Z</time>
				<extensions>
					<ns3:TrackPointExtension>
						<ns3:speed>8.33</ns3:speed>
						<ns3:cad>0.0</ns3:cad>
						<ns3:hr>132</ns3:hr>
					</ns3:TrackPointExtension>
				</extensions>
			</trkpt>
			<trkpt lat="46.97288105" lon="5.88171914">
				<ele>811.41</ele>
				<time>2025-11-08T13:55:48Z</time>
				<extensions>
					<ns3:TrackPointExtension>
						<ns3:speed>8.33</ns3:speed>
						<ns3:cad>0.0</ns3:cad>
						<ns3:hr>132</ns3:hr>
					</ns3:TrackPointExtension>
				</extensions>
			</trkpt>
			<trkpt lat="46.97292238" lon="5.8818088">
				<ele>811.68</ele>
				<time>2025-11-08T13:55:49Z</time>
				<extensions>
					<ns3:TrackPointExtension>
						<ns3:speed>8.26</ns3:speed>
						<ns3:cad>0.0</ns3:cad>
						<ns3:hr>132</ns3:hr>
					</ns3:TrackPointExtension>
				</extensions>
			</trkpt>
			<trkpt lat="46.97296304" lon="5.8818958">
				<ele>811.95</ele>
				<time>2025-11-08T13:55:50Z</time>
				<extensions>
					<ns3:TrackPointExtension>
						<ns3:speed>8.13</ns3:speed>
						<ns3:cad>0.0</ns3:cad>
						<ns3:hr>132</ns3:hr>
					</ns3:TrackPointExtension>
				</extensions>
			</trkpt>
			<trkpt lat="46.97300437" lon="5.88198179">
				<ele>812.25</ele>
				<time>2025-11-08T13:55:51Z</time>
				<extensions>
					<ns3:TrackPointExtension>
						<ns3:speed>8.0</ns3:speed>
						<ns3:cad>0.0</ns3:cad>
						<ns3:hr>131</ns3:hr>
					</ns3:TrackPointExtension>
				</extensions>
			</trkpt>
			<trkpt lat="46.97304703" lon="5.88206579">
				<ele>812.51</ele>
				<time>2025-11-08T13:55:52Z</time>
				<extensions>
					<ns3:TrackPointExtension>
						<ns3:speed>8.0</ns3:speed>
						<ns3:cad>0.0</ns3:cad>
						<ns3:hr>131</ns3:hr>
					</ns3:TrackPointExtension>
				</extensions>
			</trkpt>
			<trkpt lat="46.97309203" lon="5.88214578">
				<ele>812.77</ele>
				<time>2025-11-08T13:55:53Z</time>
				<extensions>
					<ns3:TrackPointExtension>
						<ns3:speed>7.93</ns3:speed>
						<ns3:cad>0.0</ns3:cad>
						<ns3:hr>132</ns3:hr>
					</ns3:TrackPointExtension>
				</extensions>
			</trkpt>
			<trkpt lat="46.97313969" lon="5.88222144">
				<ele>813.02</ele>
				<time>2025-11-08T13:55:54Z</time>
				<extensions>
					<ns3:TrackPointExtension>
						<ns3:speed>7.93</ns3:speed>
						<ns3:cad>0.0</ns3:cad>
						<ns3:hr>133</ns3:hr>
					</ns3:TrackPointExtension>
				</extensions>
			</trkpt>
			<trkpt lat="46.97318969" lon="5.8822941">
				<ele>813.27</ele>
				<time>2025-11-08T13:55:55Z</time>
				<extensions>
					<ns3:TrackPointExtension>
						<ns3:speed>7.87</ns3:speed>
						<ns3:cad>0.0</ns3:cad>
						<ns3:hr>135</ns3:hr>
					</ns3:TrackPointExtension>
				</extensions>
			</trkpt>
			<trkpt lat="46.97324102" lon="5.88236476">
				<ele>813.52</ele>
				<time>2025-11-08T13:55:56Z</time>
				<extensions>
					<ns3:TrackPointExtension>
						<ns3:speed>7.81</ns3:speed>
						<ns3:cad>0.0</ns3:cad>
						<ns3:hr>136</ns3:hr>
					</ns3:TrackPointExtension>
				</extensions>
			</trkpt>
			<trkpt lat="46.97329301" lon="5.88243476">
				<ele>813.84</ele>
				<time>2025-11-08T13:55:57Z</time>
				<extensions>
					<ns3:TrackPointExtension>
						<ns3:speed>7.81</ns3:speed>
						<ns3:cad>0.0</ns3:cad>
						<ns3:hr>136</ns3:hr>
					</ns3:TrackPointExtension>
				</extensions>
			</trkpt>
			<trkpt lat="46.97334634" lon="5.88250175">
				<ele>814.22</ele>
				<time>2025-11-08T13:55:58Z</time>
				<extensions>
					<ns3:TrackPointExtension>
						<ns3:speed>7.87</ns3:speed>
						<ns3:cad>0.0</ns3:cad>
						<ns3:hr>136</ns3:hr>
					</ns3:TrackPointExtension>
				</extensions>
			</trkpt>
			<trkpt lat="46.97340034" lon="5.88256641">
				<ele>814.54</ele>
				<time>2025-11-08T13:55:59Z</time>
				<extensions>
					<ns3:TrackPointExtension>
						<ns3:speed>7.87</ns3:speed>
						<ns3:cad>0.0</ns3:cad>
						<ns3:hr>136</ns3:hr>
					</ns3:TrackPointExtension>
				</extensions>
			</trkpt>
			<trkpt lat="46.97345533" lon="5.88262907">
				<ele>814.87</ele>
				<time>2025-11-08T13:56:00Z</time>
				<extensions>
					<ns3:TrackPointExtension>
						<ns3:speed>7.81</ns3:speed>
						<ns3:cad>0.0</ns3:cad>
						<ns3:hr>136</ns3:hr>
					</ns3:TrackPointExtension>
				</extensions>
			</trkpt>
			<trkpt lat="46.97350966" lon="5.88268973">
				<ele>815.14</ele>
				<time>2025-11-08T13:56:01Z</time>
				<extensions>
					<ns3:TrackPointExtension>
						<ns3:speed>7.75</ns3:speed>
						<ns3:cad>0.0</ns3:cad>
						<ns3:hr>136</ns3:hr>
					</ns3:TrackPointExtension>
				</extensions>
			</trkpt>
			<trkpt lat="46.97356366" lon="5.88275106">
				<ele>815.49</ele>
				<time>2025-11-08T13:56:02Z</time>
				<extensions>
					<ns3:TrackPointExtension>
						<ns3:speed>7.69</ns3:speed>
						<ns3:cad>0.0</ns3:cad>
						<ns3:hr>136</ns3:hr>
					</ns3:TrackPointExtension>
				</extensions>
			</trkpt>
			<trkpt lat="46.97361732" lon="5.88281106">
				<ele>815.87</ele>
				<time>2025-11-08T13:56:03Z</time>
				<extensions>
					<ns3:TrackPointExtension>
						<ns3:speed>7.63</ns3:speed>
						<ns3:cad>0.0</ns3:cad>
						<ns3:hr>136</ns3:hr>
					</ns3:TrackPointExtension>
				</extensions>
			</trkpt>
			<trkpt lat="46.97367198" lon="5.88286839">
				<ele>816.21</ele>
				<time>2025-11-08T13:56:04Z</time>
				<extensions>
					<ns3:TrackPointExtension>
						<ns3:speed>7.57</ns3:speed>
						<ns3:cad>0.0</ns3:cad>
						<ns3:hr>136</ns3:hr>
					</ns3:TrackPointExtension>
				</extensions>
			</trkpt>
			<trkpt lat="46.97372764" lon="5.88292238">
				<ele>816.62</ele>
				<time>2025-11-08T13:56:05Z</time>
				<extensions>
					<ns3:TrackPointExtension>
						<ns3:speed>7.51</ns3:speed>
						<ns3:cad>0.0</ns3:cad>
						<ns3:hr>136</ns3:hr>
					</ns3:TrackPointExtension>
				</extensions>
			</trkpt>
			<trkpt lat="46.9737843" lon="5.88297304">
				<ele>817.08</ele>
				<time>2025-11-08T13:56:06Z</time>
				<extensions>
					<ns3:TrackPointExtension>
						<ns3:speed>7.51</ns3:speed>
						<ns3:cad>0.0</ns3:cad>
						<ns3:hr>135</ns3:hr>
					</ns3:TrackPointExtension>
				</extensions>
			</trkpt>
			<trkpt lat="46.97384096" lon="5.8830217">
				<ele>817.52</ele>
				<time>2025-11-08T13:56:07Z</time>
				<extensions>
					<ns3:TrackPointExtension>
						<ns3:speed>7.46</ns3:speed>
						<ns3:cad>0.0</ns3:cad>
						<ns3:hr>136</ns3:hr>
					</ns3:TrackPointExtension>
				</extensions>
			</trkpt>
			<trkpt lat="46.97389696" lon="5.88306936">
				<ele>818.05</ele>
				<time>2025-11-08T13:56:08Z</time>
				<extensions>
					<ns3:TrackPointExtension>
						<ns3:speed>7.4</ns3:speed>
						<ns3:cad>0.0</ns3:cad>
						<ns3:hr>137</ns3:hr>
					</ns3:TrackPointExtension>
				</extensions>
			</trkpt>
			<trkpt lat="46.97395262" lon="5.88311669">
				<ele>818.55</ele>
				<time>2025-11-08T13:56:09Z</time>
				<extensions>
					<ns3:TrackPointExtension>
						<ns3:speed>7.35</ns3:speed>
						<ns3:cad>0.0</ns3:cad>
						<ns3:hr>137</ns3:hr>
					</ns3:TrackPointExtension>
				</extensions>
			</trkpt>
			<trkpt lat="46.97400862" lon="5.88316468">
				<ele>819.16</ele>
				<time>2025-11-08T13:56:10Z</time>
				<extensions>
					<ns3:TrackPointExtension>
						<ns3:speed>7.29</ns3:speed>
						<ns3:cad>0.0</ns3:cad>
						<ns3:hr>137</ns3:hr>
					</ns3:TrackPointExtension>
				</extensions>
			</trkpt>
			<trkpt lat="46.97406495" lon="5.88321434">
				<ele>819.72</ele>
				<time>2025-11-08T13:56:11Z</time>
				<extensions>
					<ns3:TrackPointExtension>
						<ns3:speed>7.24</ns3:speed>
						<ns3:cad>0.0</ns3:cad>
						<ns3:hr>137</ns3:hr>
					</ns3:TrackPointExtension>
				</extensions>
			</trkpt>
			<trkpt lat="46.97411994" lon="5.88326634">
				<ele>820.36</ele>
				<time>2025-11-08T13:56:12Z</time>
				<extensions>
					<ns3:TrackPointExtension>
						<ns3:speed>7.24</ns3:speed>
						<ns3:cad>0.0</ns3:cad>
						<ns3:hr>138</ns3:hr>
					</ns3:TrackPointExtension>
				</extensions>
			</trkpt>
			<trkpt lat="46.9741746" lon="5.88331967">
				<ele>820.98</ele>
				<time>2025-11-08T13:56:13Z</time>
				<extensions>
					<ns3:TrackPointExtension>
						<ns3:speed>7.29</ns3:speed>
						<ns3:cad>0.0</ns3:cad>
						<ns3:hr>137</ns3:hr>
					</ns3:TrackPointExtension>
				</extensions>
			</trkpt>
			<trkpt lat="46.97422859" lon="5.88337233">
				<ele>821.51</ele>
				<time>2025-11-08T13:56:14Z</time>
				<extensions>
					<ns3:TrackPointExtension>
						<ns3:speed>7.29</ns3:speed>
						<ns3:cad>0.0</ns3:cad>
						<ns3:hr>136</ns3:hr>
					</ns3:TrackPointExtension>
				</extensions>
			</trkpt>
			<trkpt lat="46.97428225" lon="5.88342366">
				<ele>822.05</ele>
				<time>2025-11-08T13:56:15Z</time>
				<extensions>
					<ns3:TrackPointExtension>
						<ns3:speed>7.24</ns3:speed>
						<ns3:cad>0.0</ns3:cad>
						<ns3:hr>136</ns3:hr>
					</ns3:TrackPointExtension>
				</extensions>
			</trkpt>
			<trkpt lat="46.97433691" lon="5.88347399">
				<ele>822.66</ele>
				<time>2025-11-08T13:56:16Z</time>
				<extensions>
					<ns3:TrackPointExtension>
						<ns3:speed>7.19</ns3:speed>
						<ns3:cad>0.0</ns3:cad>
						<ns3:hr>136</ns3:hr>
					</ns3:TrackPointExtension>
				</extensions>
			</trkpt>
			<trkpt lat="46.97439324" lon="5.88352165">
				<ele>823.21</ele>
				<time>2025-11-08T13:56:17Z</time>
				<extensions>
					<ns3:TrackPointExtension>
						<ns3:speed>7.19</ns3:speed>
						<ns3:cad>0.0</ns3:cad>
						<ns3:hr>136</ns3:hr>
					</ns3:TrackPointExtension>
				</extensions>
			</trkpt>
			<trkpt lat="46.97445024" lon="5.88356398">
				<ele>823.69</ele>
				<time>2025-11-08T13:56:18Z</time>
				<extensions>
					<ns3:TrackPointExtension>
						<ns3:speed>7.19</ns3:speed>
						<ns3:cad>0.0</ns3:cad>
						<ns3:hr>136</ns3:hr>
					</ns3:TrackPointExtension>
				</extensions>
			</trkpt>
			<trkpt lat="46.97450523" lon="5.88360097">
				<ele>824.16</ele>
				<time>2025-11-08T13:56:19Z</time>
				<extensions>
					<ns3:TrackPointExtension>
						<ns3:speed>7.19</ns3:speed>
						<ns3:cad>0.0</ns3:cad>
						<ns3:hr>135</ns3:hr>
					</ns3:TrackPointExtension>
				</extensions>
			</trkpt>
			<trkpt lat="46.97455622" lon="5.8836343">
				<ele>824.79</ele>
				<time>2025-11-08T13:56:20Z</time>
				<extensions>
					<ns3:TrackPointExtension>
						<ns3:speed>7.09</ns3:speed>
						<ns3:cad>0.0</ns3:cad>
						<ns3:hr>136</ns3:hr>
					</ns3:TrackPointExtension>
				</extensions>
			</trkpt>
			<trkpt lat="46.97460488" lon="5.88366763">
				<ele>825.57</ele>
				<time>2025-11-08T13:56:21Z</time>
				<extensions>
					<ns3:TrackPointExtension>
						<ns3:speed>6.89</ns3:speed>
						<ns3:cad>0.0</ns3:cad>
						<ns3:hr>135</ns3:hr>
					</ns3:TrackPointExtension>
				</extensions>
			</trkpt>
			<trkpt lat="46.97465521" lon="5.88370229">
				<ele>826.31</ele>
				<time>2025-11-08T13:56:22Z</time>
				<extensions>
					<ns3:TrackPointExtension>
						<ns3:speed>6.71</ns3:speed>
						<ns3:cad>0.0</ns3:cad>
						<ns3:hr>135</ns3:hr>
					</ns3:TrackPointExtension>
				</extensions>
			</trkpt>
			<trkpt lat="46.97471087" lon="5.88373595">
				<ele>826.98</ele>
				<time>2025-11-08T13:56:23Z</time>
				<extensions>
					<ns3:TrackPointExtension>
						<ns3:speed>6.62</ns3:speed>
						<ns3:cad>0.0</ns3:cad>
						<ns3:hr>134</ns3:hr>
					</ns3:TrackPointExtension>
				</extensions>
			</trkpt>
			<trkpt lat="46.9747702" lon="5.88376528">
				<ele>827.54</ele>
				<time>2025-11-08T13:56:24Z</time>
				<extensions>
					<ns3:TrackPointExtension>
						<ns3:speed>6.62</ns3:speed>
						<ns3:cad>0.0</ns3:cad>
						<ns3:hr>134</ns3:hr>
					</ns3:TrackPointExtension>
				</extensions>
			</trkpt>
			<trkpt lat="46.97482786" lon="5.88379694">
				<ele>828.08</ele>
				<time>2025-11-08T13:56:25Z</time>
				<extensions>
					<ns3:TrackPointExtension>
						<ns3:speed>6.71</ns3:speed>
						<ns3:cad>0.0</ns3:cad>
						<ns3:hr>134</ns3:hr>
					</ns3:TrackPointExtension>
				</extensions>
			</trkpt>
			<trkpt lat="46.97488285" lon="5.88382927">
				<ele>828.6</ele>
				<time>2025-11-08T13:56:26Z</time>
				<extensions>
					<ns3:TrackPointExtension>
						<ns3:speed>6.75</ns3:speed>
						<ns3:cad>0.0</ns3:cad>
						<ns3:hr>133</ns3:hr>
					</ns3:TrackPointExtension>
				</extensions>
			</trkpt>
			<trkpt lat="46.97493418" lon="5.88386393">
				<ele>829.06</ele>
				<time>2025-11-08T13:56:27Z</time>
				<extensions>
					<ns3:TrackPointExtension>
						<ns3:speed>6.71</ns3:speed>
						<ns3:cad>0.0</ns3:cad>
						<ns3:hr>132</ns3:hr>
					</ns3:TrackPointExtension>
				</extensions>
			</trkpt>
			<trkpt lat="46.97498351" lon="5.88389793">
				<ele>829.49</ele>
				<time>2025-11-08T13:56:28Z</time>
				<extensions>
					<ns3:TrackPointExtension>
						<ns3:speed>6.57</ns3:speed>
						<ns3:cad>0.0</ns3:cad>
						<ns3:hr>132</ns3:hr>
					</ns3:TrackPointExtension>
				</extensions>
			</trkpt>
			<trkpt lat="46.9750345" lon="5.88393192">
				<ele>830.21</ele>
				<time>2025-11-08T13:56:29Z</time>
				<extensions>
					<ns3:TrackPointExtension>
						<ns3:speed>6.45</ns3:speed>
						<ns3:cad>0.0</ns3:cad>
						<ns3:hr>132</ns3:hr>
					</ns3:TrackPointExtension>
				</extensions>
			</trkpt>
			<trkpt lat="46.97508716" lon="5.88396291">
				<ele>831.07</ele>
				<time>2025-11-08T13:56:30Z</time>
				<extensions>
					<ns3:TrackPointExtension>
						<ns3:speed>6.36</ns3:speed>
						<ns3:cad>0.0</ns3:cad>
						<ns3:hr>132</ns3:hr>
					</ns3:TrackPointExtension>
				</extensions>
			</trkpt>
			<trkpt lat="46.97514049" lon="5.88399157">
				<ele>831.96</ele>
				<time>2025-11-08T13:56:31Z</time>
				<extensions>
					<ns3:TrackPointExtension>
						<ns3:speed>6.32</ns3:speed>
						<ns3:cad>0.0</ns3:cad>
						<ns3:hr>132</ns3:hr>
					</ns3:TrackPointExtension>
				</extensions>
			</trkpt>
			<trkpt lat="46.97519282" lon="5.88401923">
				<ele>832.83</ele>
				<time>2025-11-08T13:56:32Z</time>
				<extensions>
					<ns3:TrackPointExtension>
						<ns3:speed>6.32</ns3:speed>
						<ns3:cad>0.0</ns3:cad>
						<ns3:hr>132</ns3:hr>
					</ns3:TrackPointExtension>
				</extensions>
			</trkpt>
			<trkpt lat="46.97524282" lon="5.88404589">
				<ele>833.58</ele>
				<time>2025-11-08T13:56:33Z</time>
				<extensions>
					<ns3:TrackPointExtension>
						<ns3:speed>6.28</ns3:speed>
						<ns3:cad>0.0</ns3:cad>
						<ns3:hr>133</ns3:hr>
					</ns3:TrackPointExtension>
				</extensions>
			</trkpt>
			<trkpt lat="46.97529348" lon="5.88406989">
				<ele>834.45</ele>
				<time>2025-11-08T13:56:34Z</time>
				<extensions>
					<ns3:TrackPointExtension>
						<ns3:speed>6.21</ns3:speed>
						<ns3:cad>0.0</ns3:cad>
						<ns3:hr>133</ns3:hr>
					</ns3:TrackPointExtension>
				</extensions>
			</trkpt>
			<trkpt lat="46.97534714" lon="5.88408888">
				<ele>835.38</ele>
				<time>2025-11-08T13:56:35Z</time>
				<extensions>
					<ns3:TrackPointExtension>
						<ns3:speed>6.09</ns3:speed>
						<ns3:cad>0.0</ns3:cad>
						<ns3:hr>133</ns3:hr>
					</ns3:TrackPointExtension>
				</extensions>
			</trkpt>
			<trkpt lat="46.97540447" lon="5.88409787">
				<ele>836.28</ele>
				<time>2025-11-08T13:56:36Z</time>
				<extensions>
					<ns3:TrackPointExtension>
						<ns3:speed>6.09</ns3:speed>
						<ns3:cad>0.0</ns3:cad>
						<ns3:hr>133</ns3:hr>
					</ns3:TrackPointExtension>
				</extensions>
			</trkpt>
			<trkpt lat="46.97546047" lon="5.88409154">
				<ele>837.1</ele>
				<time>2025-11-08T13:56:37Z</time>
				<extensions>
					<ns3:TrackPointExtension>
						<ns3:speed>6.13</ns3:speed>
						<ns3:cad>0.0</ns3:cad>
						<ns3:hr>134</ns3:hr>
					</ns3:TrackPointExtension>
				</extensions>
			</trkpt>
			<trkpt lat="46.97550946" lon="5.88406821">
				<ele>837.86</ele>
				<time>2025-11-08T13:56:38Z</time>
				<extensions>
					<ns3:TrackPointExtension>
						<ns3:speed>6.17</ns3:speed>
						<ns3:cad>0.0</ns3:cad>
						<ns3:hr>134</ns3:hr>
					</ns3:TrackPointExtension>
				</extensions>
			</trkpt>
			<trkpt lat="46.97554879" lon="5.88402988">
				<ele>838.53</ele>
				<time>2025-11-08T13:56:39Z</time>
				<extensions>
					<ns3:TrackPointExtension>
						<ns3:speed>6.13</ns3:speed>
						<ns3:cad>0.0</ns3:cad>
						<ns3:hr>134</ns3:hr>
					</ns3:TrackPointExtension>
				</extensions>
			</trkpt>
			<trkpt lat="46.97558078" lon="5.88397822">
				<ele>839.2</ele>
				<time>2025-11-08T13:56:40Z</time>
				<extensions>
					<ns3:TrackPointExtension>
						<ns3:speed>6.02</ns3:speed>
						<ns3:cad>0.0</ns3:cad>
						<ns3:hr>135</ns3:hr>
					</ns3:TrackPointExtension>
				</extensions>
			</trkpt>
			<trkpt lat="46.97560944" lon="5.88391689">
				<ele>839.76</ele>
				<time>2025-11-08T13:56:41Z</time>
				<extensions>
					<ns3:TrackPointExtension>
						<ns3:speed>5.95</ns3:speed>
						<ns3:cad>0.0</ns3:cad>
						<ns3:hr>135</ns3:hr>
					</ns3:TrackPointExtension>
				</extensions>
			</trkpt>
			<trkpt lat="46.97563343" lon="5.88384589">
				<ele>840.25</ele>
				<time>2025-11-08T13:56:42Z</time>
				<extensions>
					<ns3:TrackPointExtension>
						<ns3:speed>5.91</ns3:speed>
						<ns3:cad>0.0</ns3:cad>
						<ns3:hr>135</ns3:hr>
					</ns3:TrackPointExtension>
				</extensions>
			</trkpt>
			<trkpt lat="46.97564842" lon="5.88376656">
				<ele>840.7</ele>
				<time>2025-11-08T13:56:43Z</time>
				<extensions>
					<ns3:TrackPointExtension>
						<ns3:speed>5.95</ns3:speed>
						<ns3:cad>0.0</ns3:cad>
						<ns3:hr>134</ns3:hr>
					</ns3:TrackPointExtension>
				</extensions>
			</trkpt>
			<trkpt lat="46.97565275" lon="5.8836809">
				<ele>841.07</ele>
				<time>2025-11-08T13:56:44Z</time>
				<extensions>
					<ns3:TrackPointExtension>
						<ns3:speed>6.02</ns3:speed>
						<ns3:cad>0.0</ns3:cad>
						<ns3:hr>135</ns3:hr>
					</ns3:TrackPointExtension>
				</extensions>
			</trkpt>
			<trkpt lat="46.97564676" lon="5.8835909">
				<ele>841.38</ele>
				<time>2025-11-08T13:56:45Z</time>
				<extensions>
					<ns3:TrackPointExtension>
						<ns3:speed>6.09</ns3:speed>
						<ns3:cad>0.0</ns3:cad>
						<ns3:hr>133</ns3:hr>
					</ns3:TrackPointExtension>
				</extensions>
			</trkpt>
			<trkpt lat="46.97563276" lon="5.88349824">
				<ele>841.65</ele>
				<time>2025-11-08T13:56:46Z</time>
				<extensions>
					<ns3:TrackPointExtension>
						<ns3:speed>6.21</ns3:speed>
						<ns3:cad>0.0</ns3:cad>
						<ns3:hr>133</ns3:hr>
					</ns3:TrackPointExtension>
				</extensions>
			</trkpt>
			<trkpt lat="46.97561277" lon="5.88340491">
				<ele>841.89</ele>
				<time>2025-11-08T13:56:47Z</time>
				<extensions>
					<ns3:TrackPointExtension>
						<ns3:speed>6.32</ns3:speed>
						<ns3:cad>0.0</ns3:cad>
						<ns3:hr>134</ns3:hr>
					</ns3:TrackPointExtension>
				</extensions>
			</trkpt>
			<trkpt lat="46.97558444" lon="5.88331125">
				<ele>842.1</ele>
				<time>2025-11-08T13:56:48Z</time>
				<extensions>
					<ns3:TrackPointExtension>
						<ns3:speed>6.45</ns3:speed>
						<ns3:cad>0.0</ns3:cad>
						<ns3:hr>135</ns3:hr>
					</ns3:TrackPointExtension>
				</extensions>
			</trkpt>
			<trkpt lat="46.97554844" lon="5.88321925">
				<ele>842.25</ele>
				<time>2025-11-08T13:56:49Z</time>
				<extensions>
					<ns3:TrackPointExtension>
						<ns3:speed>6.57</ns3:speed>
						<ns3:cad>0.0</ns3:cad>
						<ns3:hr>135</ns3:hr>
					</ns3:TrackPointExtension>
				</extensions>
			</trkpt>
			<trkpt lat="46.97550678" lon="5.88313059">
				<ele>842.35</ele>
				<time>2025-11-08T13:56:50Z</time>
				<extensions>
					<ns3:TrackPointExtension>
						<ns3:speed>6.75</ns3:speed>
						<ns3:cad>0.0</ns3:cad>
						<ns3:hr>136</ns3:hr>
					</ns3:TrackPointExtension>
				</extensions>
			</trkpt>
			<trkpt lat="46.97546112" lon="5.88304426">
				<ele>842.42</ele>
				<time>2025-11-08T13:56:51Z</time>
				<extensions>
					<ns3:TrackPointExtension>
						<ns3:speed>6.89</ns3:speed>
						<ns3:cad>0.0</ns3:cad>
						<ns3:hr>134</ns3:hr>
					</ns3:TrackPointExtension>
				</extensions>
			</trkpt>
			<trkpt lat="46.97541279" lon="5.8829576">
				<ele>842.45</ele>
				<time>2025-11-08T13:56:52Z</time>
				<extensions>
					<ns3:TrackPointExtension>
						<ns3:speed>7.04</ns3:speed>
						<ns3:cad>0.0</ns3:cad>
						<ns3:hr>131</ns3:hr>
					</ns3:TrackPointExtension>
				</extensions>
			</trkpt>
			<trkpt lat="46.97536213" lon="5.8828696">
				<ele>842.36</ele>
				<time>2025-11-08T13:56:53Z</time>
				<extensions>
					<ns3:TrackPointExtension>
						<ns3:speed>7.19</ns3:speed>
						<ns3:cad>0.0</ns3:cad>
						<ns3:hr>130</ns3:hr>
					</ns3:TrackPointExtension>
				</extensions>
			</trkpt>
			<trkpt lat="46.9753038" lon="5.88278294">
				<ele>842.17</ele>
				<time>2025-11-08T13:56:54Z</time>
				<extensions>
					<ns3:TrackPointExtension>
						<ns3:speed>7.35</ns3:speed>
						<ns3:cad>0.0</ns3:cad>
						<ns3:hr>129</ns3:hr>
					</ns3:TrackPointExtension>
				</extensions>
			</trkpt>
			<trkpt lat="46.9752378" lon="5.88270161">
				<ele>841.88</ele>
				<time>2025-11-08T13:56:55Z</time>
				<extensions>
					<ns3:TrackPointExtension>
						<ns3:speed>7.57</ns3:speed>
						<ns3:cad>0.0</ns3:cad>
						<ns3:hr>128</ns3:hr>
					</ns3:TrackPointExtension>
				</extensions>
			</trkpt>
			<trkpt lat="46.97516447" lon="5.88262861">
				<ele>841.36</ele>
				<time>2025-11-08T13:56:56Z</time>
				<extensions>
					<ns3:TrackPointExtension>
						<ns3:speed>7.75</ns3:speed>
						<ns3:cad>0.0</ns3:cad>
						<ns3:hr>127</ns3:hr>
					</ns3:TrackPointExtension>
				</extensions>
			</trkpt>
			<trkpt lat="46.97508714" lon="5.88256362">
				<ele>840.93</ele>
				<time>2025-11-08T13:56:57Z</time>
				<extensions>
					<ns3:TrackPointExtension>
						<ns3:speed>8.0</ns3:speed>
						<ns3:cad>0.0</ns3:cad>
						<ns3:hr>127</ns3:hr>
					</ns3:TrackPointExtension>
				</extensions>
			</trkpt>
			<trkpt lat="46.97500848" lon="5.88250529">
				<ele>840.57</ele>
				<time>2025-11-08T13:56:58Z</time>
				<extensions>
					<ns3:TrackPointExtension>
						<ns3:speed>8.19</ns3:speed>
						<ns3:cad>0.0</ns3:cad>
						<ns3:hr>127</ns3:hr>
					</ns3:TrackPointExtension>
				</extensions>
			</trkpt>
			<trkpt lat="46.97493015" lon="5.88245229">
				<ele>840.32</ele>
				<time>2025-11-08T13:56:59Z</time>
				<extensions>
					<ns3:TrackPointExtension>
						<ns3:speed>8.33</ns3:speed>
						<ns3:cad>0.0</ns3:cad>
						<ns3:hr>128</ns3:hr>
					</ns3:TrackPointExtension>
				</extensions>
			</trkpt>
			<trkpt lat="46.97485182" lon="5.88240263">
				<ele>840.24</ele>
				<time>2025-11-08T13:57:00Z</time>
				<extensions>
					<ns3:TrackPointExtension>
						<ns3:speed>8.4</ns3:speed>
						<ns3:cad>0.0</ns3:cad>
						<ns3:hr>128</ns3:hr>
					</ns3:TrackPointExtension>
				</extensions>
			</trkpt>
			<trkpt lat="46.97477283" lon="5.88235264">
				<ele>840.5</ele>
				<time>2025-11-08T13:57:01Z</time>
				<extensions>
					<ns3:TrackPointExtension>
						<ns3:speed>8.47</ns3:speed>
						<ns3:cad>0.0</ns3:cad>
						<ns3:hr>127</ns3:hr>
					</ns3:TrackPointExtension>
				</extensions>
			</trkpt>
			<trkpt lat="46.97469484" lon="5.88229798">
				<ele>840.81</ele>
				<time>2025-11-08T13:57:02Z</time>
				<extensions>
					<ns3:TrackPointExtension>
						<ns3:speed>8.54</ns3:speed>
						<ns3:cad>0.0</ns3:cad>
						<ns3:hr>128</ns3:hr>
					</ns3:TrackPointExtension>
				</extensions>
			</trkpt>
			<trkpt lat="46.97461984" lon="5.88223465">
				<ele>841.2</ele>
				<time>2025-11-08T13:57:03Z</time>
				<extensions>
					<ns3:TrackPointExtension>
						<ns3:speed>8.62</ns3:speed>
						<ns3:cad>0.0</ns3:cad>
						<ns3:hr>128</ns3:hr>
					</ns3:TrackPointExtension>
				</extensions>
			</trkpt>
			<trkpt lat="46.97455384" lon="5.88216066">
				<ele>841.61</ele>
				<time>2025-11-08T13:57:04Z</time>
				<extensions>
					<ns3:TrackPointExtension>
						<ns3:speed>8.69</ns3:speed>
						<ns3:cad>0.0</ns3:cad>
						<ns3:hr>128</ns3:hr>
					</ns3:TrackPointExtension>
				</extensions>
			</trkpt>
			<trkpt lat="46.97449918" lon="5.88207867">
				<ele>842.01</ele>
				<time>2025-11-08T13:57:05Z</time>
				<extensions>
					<ns3:TrackPointExtension>
						<ns3:speed>8.77</ns3:speed>
						<ns3:cad>0.0</ns3:cad>
						<ns3:hr>127</ns3:hr>
					</ns3:TrackPointExtension>
				</extensions>
			</trkpt>
			<trkpt lat="46.97445718" lon="5.88199168">
				<ele>842.52</ele>
				<time>2025-11-08T13:57:06Z</time>
				<extensions>
					<ns3:TrackPointExtension>
						<ns3:speed>8.77</ns3:speed>
						<ns3:cad>0.0</ns3:cad>
						<ns3:hr>126</ns3:hr>
					</ns3:TrackPointExtension>
				</extensions>
			</trkpt>
			<trkpt lat="46.97442485" lon="5.88190368">
				<ele>843.03</ele>
				<time>2025-11-08T13:57:07Z</time>
				<extensions>
					<ns3:TrackPointExtension>
						<ns3:speed>8.62</ns3:speed>
						<ns3:cad>0.0</ns3:cad>
						<ns3:hr>126</ns3:hr>
					</ns3:TrackPointExtension>
				</extensions>
			</trkpt>
			<trkpt lat="46.97439585" lon="5.88181402">
				<ele>843.48</ele>
				<time>2025-11-08T13:57:08Z</time>
				<extensions>
					<ns3:TrackPointExtension>
						<ns3:speed>8.54</ns3:speed>
						<ns3:cad>0.0</ns3:cad>
						<ns3:hr>125</ns3:hr>
					</ns3:TrackPointExtension>
				</extensions>
			</trkpt>
			<trkpt lat="46.97436785" lon="5.88172269">
				<ele>843.97</ele>
				<time>2025-11-08T13:57:09Z</time>
				<extensions>
					<ns3:TrackPointExtension>
						<ns3:speed>8.4</ns3:speed>
						<ns3:cad>0.0</ns3:cad>
						<ns3:hr>126</ns3:hr>
					</ns3:TrackPointExtension>
				</extensions>
			</trkpt>
			<trkpt lat="46.97434186" lon="5.88162803">
				<ele>844.54</ele>
				<time>2025-11-08T13:57:10Z</time>
				<extensions>
					<ns3:TrackPointExtension>
						<ns3:speed>8.26</ns3:speed>
						<ns3:cad>0.0</ns3:cad>
						<ns3:hr>128</ns3:hr>
					</ns3:TrackPointExtension>
				</extensions>
			</trkpt>
			<trkpt lat="46.97431953" lon="5.88153203">
				<ele>845.09</ele>
				<time>2025-11-08T13:57:11Z</time>
				<extensions>
					<ns3:TrackPointExtension>
						<ns3:speed>8.19</ns3:speed>
						<ns3:cad>0.0</ns3:cad>
						<ns3:hr>128</ns3:hr>
					</ns3:TrackPointExtension>
				</extensions>
			</trkpt>
			<trkpt lat="46.97429954" lon="5.8814357">
				<ele>845.54</ele>
				<time>2025-11-08T13:57:12Z</time>
				<extensions>
					<ns3:TrackPointExtension>
						<ns3:speed>8.19</ns3:speed>
						<ns3:cad>0.0</ns3:cad>
						<ns3:hr>130</ns3:hr>
					</ns3:TrackPointExtension>
				</extensions>
			</trkpt>
			<trkpt lat="46.97427688" lon="5.88134071">
				<ele>845.97</ele>
				<time>2025-11-08T13:57:13Z</time>
				<extensions>
					<ns3:TrackPointExtension>
						<ns3:speed>8.13</ns3:speed>
						<ns3:cad>0.0</ns3:cad>
						<ns3:hr>132</ns3:hr>
					</ns3:TrackPointExtension>
				</extensions>
			</trkpt>
			<trkpt lat="46.97424655" lon="5.88124805">
				<ele>846.35</ele>
				<time>2025-11-08T13:57:14Z</time>
				<extensions>
					<ns3:TrackPointExtension>
						<ns3:speed>8.06</ns3:speed>
						<ns3:cad>0.0</ns3:cad>
						<ns3:hr>132</ns3:hr>
					</ns3:TrackPointExtension>
				</extensions>
			</trkpt>
			<trkpt lat="46.97420755" lon="5.88115839">
				<ele>846.77</ele>
				<time>2025-11-08T13:57:15Z</time>
				<extensions>
					<ns3:TrackPointExtension>
						<ns3:speed>8.06</ns3:speed>
						<ns3:cad>0.0</ns3:cad>
						<ns3:hr>131</ns3:hr>
					</ns3:TrackPointExtension>
				</extensions>
			</trkpt>
			<trkpt lat="46.97416222" lon="5.8810704">
				<ele>847.23</ele>
				<time>2025-11-08T13:57:16Z</time>
				<extensions>
					<ns3:TrackPointExtension>
						<ns3:speed>8.06</ns3:speed>
						<ns3:cad>0.0</ns3:cad>
						<ns3:hr>130</ns3:hr>
					</ns3:TrackPointExtension>
				</extensions>
			</trkpt>
			<trkpt lat="46.97411223" lon="5.88098407">
				<ele>847.62</ele>
				<time>2025-11-08T13:57:17Z</time>
				<extensions>
					<ns3:TrackPointExtension>
						<ns3:speed>8.13</ns3:speed>
						<ns3:cad>0.0</ns3:cad>
						<ns3:hr>130</ns3:hr>
					</ns3:TrackPointExtension>
				</extensions>
			</trkpt>
			<trkpt lat="46.97405857" lon="5.88089941">
				<ele>847.94</ele>
				<time>2025-11-08T13:57:18Z</time>
				<extensions>
					<ns3:TrackPointExtension>
						<ns3:speed>8.19</ns3:speed>
						<ns3:cad>0.0</ns3:cad>
						<ns3:hr>129</ns3:hr>
					</ns3:TrackPointExtension>
				</extensions>
			</trkpt>
			<trkpt lat="46.97400158" lon="5.88081875">
				<ele>848.2</ele>
				<time>2025-11-08T13:57:19Z</time>
				<extensions>
					<ns3:TrackPointExtension>
						<ns3:speed>8.26</ns3:speed>
						<ns3:cad>0.0</ns3:cad>
						<ns3:hr>129</ns3:hr>
					</ns3:TrackPointExtension>
				</extensions>
			</trkpt>
			<trkpt lat="46.97394192" lon="5.88074175">
				<ele>848.41</ele>
				<time>2025-11-08T13:57:20Z</time>
				<extensions>
					<ns3:TrackPointExtension>
						<ns3:speed>8.33</ns3:speed>
						<ns3:cad>0.0</ns3:cad>
						<ns3:hr>130</ns3:hr>
					</ns3:TrackPointExtension>
				</extensions>
			</trkpt>
			<trkpt lat="46.97388092" lon="5.88066709">
				<ele>848.58</ele>
				<time>2025-11-08T13:57:21Z</time>
				<extensions>
					<ns3:TrackPointExtension>
						<ns3:speed>8.4</ns3:speed>
						<ns3:cad>0.0</ns3:cad>
						<ns3:hr>130</ns3:hr>
					</ns3:TrackPointExtension>
				</extensions>
			</trkpt>
			<trkpt lat="46.97381959" lon="5.8805941">
				<ele>848.71</ele>
				<time>2025-11-08T13:57:22Z</time>
				<extensions>
					<ns3:TrackPointExtension>
						<ns3:speed>8.4</ns3:speed>
						<ns3:cad>0.0</ns3:cad>
						<ns3:hr>132</ns3:hr>
					</ns3:TrackPointExtension>
				</extensions>
			</trkpt>
			<trkpt lat="46.97375659" lon="5.8805221">
				<ele>848.81</ele>
				<time>2025-11-08T13:57:23Z</time>
				<extensions>
					<ns3:TrackPointExtension>
						<ns3:speed>8.47</ns3:speed>
						<ns3:cad>0.0</ns3:cad>
						<ns3:hr>132</ns3:hr>
					</ns3:TrackPointExtension>
				</extensions>
			</trkpt>
			<trkpt lat="46.97369326" lon="5.8804511">
				<ele>848.89</ele>
				<time>2025-11-08T13:57:24Z</time>
				<extensions>
					<ns3:TrackPointExtension>
						<ns3:speed>8.47</ns3:speed>
						<ns3:cad>0.0</ns3:cad>
						<ns3:hr>133</ns3:hr>
					</ns3:TrackPointExtension>
				</extensions>
			</trkpt>
			<trkpt lat="46.9736276" lon="5.88038044">
				<ele>848.89</ele>
				<time>2025-11-08T13:57:25Z</time>
				<extensions>
					<ns3:TrackPointExtension>
						<ns3:speed>8.54</ns3:speed>
						<ns3:cad>0.0</ns3:cad>
						<ns3:hr>134</ns3:hr>
					</ns3:TrackPointExtension>
				</extensions>
			</trkpt>
			<trkpt lat="46.97356227" lon="5.88031011">
				<ele>848.76</ele>
				<time>2025-11-08T13:57:26Z</time>
				<extensions>
					<ns3:TrackPointExtension>
						<ns3:speed>8.54</ns3:speed>
						<ns3:cad>0.0</ns3:cad>
						<ns3:hr>133</ns3:hr>
					</ns3:TrackPointExtension>
				</extensions>
			</trkpt>
			<trkpt lat="46.97349794" lon="5.88023911">
				<ele>848.53</ele>
				<time>2025-11-08T13:57:27Z</time>
				<extensions>
					<ns3:TrackPointExtension>
						<ns3:speed>8.62</ns3:speed>
						<ns3:cad>0.0</ns3:cad>
						<ns3:hr>133</ns3:hr>
					</ns3:TrackPointExtension>
				</extensions>
			</trkpt>
			<trkpt lat="46.97343461" lon="5.88016911">
				<ele>848.27</ele>
				<time>2025-11-08T13:57:28Z</time>
				<extensions>
					<ns3:TrackPointExtension>
						<ns3:speed>8.69</ns3:speed>
						<ns3:cad>0.0</ns3:cad>
						<ns3:hr>132</ns3:hr>
					</ns3:TrackPointExtension>
				</extensions>
			</trkpt>
			<trkpt lat="46.97337262" lon="5.88009945">
				<ele>847.98</ele>
				<time>2025-11-08T13:57:29Z</time>
				<extensions>
					<ns3:TrackPointExtension>
						<ns3:speed>8.69</ns3:speed>
						<ns3:cad>0.0</ns3:cad>
						<ns3:hr>131</ns3:hr>
					</ns3:TrackPointExtension>
				</extensions>
			</trkpt>
			<trkpt lat="46.97331196" lon="5.88002812">
				<ele>847.64</ele>
				<time>2025-11-08T13:57:30Z</time>
				<extensions>
					<ns3:TrackPointExtension>
						<ns3:speed>8.62</ns3:speed>
						<ns3:cad>0.0</ns3:cad>
						<ns3:hr>129</ns3:hr>
					</ns3:TrackPointExtension>
				</extensions>
			</trkpt>
			<trkpt lat="46.97325397" lon="5.87995146">
				<ele>847.3</ele>
				<time>2025-11-08T13:57:31Z</time>
				<extensions>
					<ns3:TrackPointExtension>
						<ns3:speed>8.62</ns3:speed>
						<ns3:cad>0.0</ns3:cad>
						<ns3:hr>129</ns3:hr>
					</ns3:TrackPointExtension>
				</extensions>
			</trkpt>
			<trkpt lat="46.97320097" lon="5.8798698">
				<ele>846.83</ele>
				<time>2025-11-08T13:57:32Z</time>
				<extensions>
					<ns3:TrackPointExtension>
						<ns3:speed>8.62</ns3:speed>
						<ns3:cad>0.0</ns3:cad>
						<ns3:hr>129</ns3:hr>
					</ns3:TrackPointExtension>
				</extensions>
			</trkpt>
			<trkpt lat="46.97315164" lon="5.8797858">
				<ele>846.35</ele>
				<time>2025-11-08T13:57:33Z</time>
				<extensions>
					<ns3:TrackPointExtension>
						<ns3:speed>8.62</ns3:speed>
						<ns3:cad>0.0</ns3:cad>
						<ns3:hr>128</ns3:hr>
					</ns3:TrackPointExtension>
				</extensions>
			</trkpt>
			<trkpt lat="46.97310464" lon="5.87970114">
				<ele>845.81</ele>
				<time>2025-11-08T13:57:34Z</time>
				<extensions>
					<ns3:TrackPointExtension>
						<ns3:speed>8.62</ns3:speed>
						<ns3:cad>0.0</ns3:cad>
						<ns3:hr>128</ns3:hr>
					</ns3:TrackPointExtension>
				</extensions>
			</trkpt>
			<trkpt lat="46.97305865" lon="5.87961648">
				<ele>845.36</ele>
				<time>2025-11-08T13:57:35Z</time>
				<extensions>
					<ns3:TrackPointExtension>
						<ns3:speed>8.54</ns3:speed>
						<ns3:cad>0.0</ns3:cad>
						<ns3:hr>127</ns3:hr>
					</ns3:TrackPointExtension>
				</extensions>
			</trkpt>
			<trkpt lat="46.97301432" lon="5.87953049">
				<ele>844.97</ele>
				<time>2025-11-08T13:57:36Z</time>
				<extensions>
					<ns3:TrackPointExtension>
						<ns3:speed>8.47</ns3:speed>
						<ns3:cad>0.0</ns3:cad>
						<ns3:hr>127</ns3:hr>
					</ns3:TrackPointExtension>
				</extensions>
			</trkpt>
			<trkpt lat="46.97297166" lon="5.87944149">
				<ele>844.63</ele>
				<time>2025-11-08T13:57:37Z</time>
				<extensions>
					<ns3:TrackPointExtension>
						<ns3:speed>8.47</ns3:speed>
						<ns3:cad>0.0</ns3:cad>
						<ns3:hr>128</ns3:hr>
					</ns3:TrackPointExtension>
				</extensions>
			</trkpt>
			<trkpt lat="46.97293367" lon="5.87934949">
				<ele>844.18</ele>
				<time>2025-11-08T13:57:38Z</time>
				<extensions>
					<ns3:TrackPointExtension>
						<ns3:speed>8.4</ns3:speed>
						<ns3:cad>0.0</ns3:cad>
						<ns3:hr>128</ns3:hr>
					</ns3:TrackPointExtension>
				</extensions>
			</trkpt>
			<trkpt lat="46.97290001" lon="5.87925483">
				<ele>843.55</ele>
				<time>2025-11-08T13:57:39Z</time>
				<extensions>
					<ns3:TrackPointExtension>
						<ns3:speed>8.4</ns3:speed>
						<ns3:cad>0.0</ns3:cad>
						<ns3:hr>128</ns3:hr>
					</ns3:TrackPointExtension>
				</extensions>
			</trkpt>
			<trkpt lat="46.97287168" lon="5.87915917">
				<ele>842.88</ele>
				<time>2025-11-08T13:57:40Z</time>
				<extensions>
					<ns3:TrackPointExtension>
						<ns3:speed>8.33</ns3:speed>
						<ns3:cad>0.0</ns3:cad>
						<ns3:hr>127</ns3:hr>
					</ns3:TrackPointExtension>
				</extensions>
			</trkpt>
			<trkpt lat="46.97285169" lon="5.87906418">
				<ele>842.18</ele>
				<time>2025-11-08T13:57:41Z</time>
				<extensions>
					<ns3:TrackPointExtension>
						<ns3:speed>8.33</ns3:speed>
						<ns3:cad>0.0</ns3:cad>
						<ns3:hr>126</ns3:hr>
					</ns3:TrackPointExtension>
				</extensions>
			</trkpt>
			<trkpt lat="46.97284203" lon="5.87897119">
				<ele>841.46</ele>
				<time>2025-11-08T13:57:42Z</time>
				<extensions>
					<ns3:TrackPointExtension>
						<ns3:speed>8.19</ns3:speed>
						<ns3:cad>0.0</ns3:cad>
						<ns3:hr>126</ns3:hr>
					</ns3:TrackPointExtension>
				</extensions>
			</trkpt>
			<trkpt lat="46.97284502" lon="5.87888186">
				<ele>840.78</ele>
				<time>2025-11-08T13:57:43Z</time>
				<extensions>
					<ns3:TrackPointExtension>
						<ns3:speed>8.13</ns3:speed>
						<ns3:cad>0.0</ns3:cad>
						<ns3:hr>126</ns3:hr>
					</ns3:TrackPointExtension>
				</extensions>
			</trkpt>
			<trkpt lat="46.97286068" lon="5.87880153">
				<ele>840.11</ele>
				<time>2025-11-08T13:57:44Z</time>
				<extensions>
					<ns3:TrackPointExtension>
						<ns3:speed>8.0</ns3:speed>
						<ns3:cad>0.0</ns3:cad>
						<ns3:hr>126</ns3:hr>
					</ns3:TrackPointExtension>
				</extensions>
			</trkpt>
			<trkpt lat="46.97288967" lon="5.87873887">
				<ele>839.33</ele>
				<time>2025-11-08T13:57:45Z</time>
				<extensions>
					<ns3:TrackPointExtension>
						<ns3:speed>7.81</ns3:speed>
						<ns3:cad>0.0</ns3:cad>
						<ns3:hr>126</ns3:hr>
					</ns3:TrackPointExtension>
				</extensions>
			</trkpt>
			<trkpt lat="46.97292733" lon="5.87869654">
				<ele>838.5</ele>
				<time>2025-11-08T13:57:46Z</time>
				<extensions>
					<ns3:TrackPointExtension>
						<ns3:speed>7.63</ns3:speed>
						<ns3:cad>0.0</ns3:cad>
						<ns3:hr>126</ns3:hr>
					</ns3:TrackPointExtension>
				</extensions>
			</trkpt>
			<trkpt lat="46.97297166" lon="5.87867788">
				<ele>837.63</ele>
				<time>2025-11-08T13:57:47Z</time>
				<extensions>
					<ns3:TrackPointExtension>
						<ns3:speed>7.46</ns3:speed>
						<ns3:cad>0.0</ns3:cad>
						<ns3:hr>126</ns3:hr>
					</ns3:TrackPointExtension>
				</extensions>
			</trkpt>
			<trkpt lat="46.97301999" lon="5.87868121">
				<ele>836.75</ele>
				<time>2025-11-08T13:57:48Z</time>
				<extensions>
					<ns3:TrackPointExtension>
						<ns3:speed>7.24</ns3:speed>
						<ns3:cad>0.0</ns3:cad>
						<ns3:hr>126</ns3:hr>
					</ns3:TrackPointExtension>
				</extensions>
			</trkpt>
			<trkpt lat="46.97306932" lon="5.87870721">
				<ele>835.92</ele>
				<time>2025-11-08T13:57:49Z</time>
				<extensions>
					<ns3:TrackPointExtension>
						<ns3:speed>7.09</ns3:speed>
						<ns3:cad>0.0</ns3:cad>
						<ns3:hr>126</ns3:hr>
					</ns3:TrackPointExtension>
				</extensions>
			</trkpt>
			<trkpt lat="46.97311332" lon="5.87876354">
				<ele>835.04</ele>
				<time>2025-11-08T13:57:50Z</time>
				<extensions>
					<ns3:TrackPointExtension>
						<ns3:speed>6.99</ns3:speed>
						<ns3:cad>0.0</ns3:cad>
						<ns3:hr>126</ns3:hr>
					</ns3:TrackPointExtension>
				</extensions>
			</trkpt>
			<trkpt lat="46.97314831" lon="5.87884387">
				<ele>834.08</ele>
				<time>2025-11-08T13:57:51Z</time>
				<extensions>
					<ns3:TrackPointExtension>
						<ns3:speed>6.99</ns3:speed>
						<ns3:cad>0.0</ns3:cad>
						<ns3:hr>127</ns3:hr>
					</ns3:TrackPointExtension>
				</extensions>
			</trkpt>
			<trkpt lat="46.9731723" lon="5.87894353">
				<ele>833.12</ele>
				<time>2025-11-08T13:57:52Z</time>
				<extensions>
					<ns3:TrackPointExtension>
						<ns3:speed>7.14</ns3:speed>
						<ns3:cad>0.0</ns3:cad>
						<ns3:hr>126</ns3:hr>
					</ns3:TrackPointExtension>
				</extensions>
			</trkpt>
			<trkpt lat="46.97318296" lon="5.87905586">
				<ele>832.14</ele>
				<time>2025-11-08T13:57:53Z</time>
				<extensions>
					<ns3:TrackPointExtension>
						<ns3:speed>7.29</ns3:speed>
						<ns3:cad>0.0</ns3:cad>
						<ns3:hr>126</ns3:hr>
					</ns3:TrackPointExtension>
				</extensions>
			</trkpt>
			<trkpt lat="46.97318296" lon="5.87917485">
				<ele>831.12</ele>
				<time>2025-11-08T13:57:54Z</time>
				<extensions>
					<ns3:TrackPointExtension>
						<ns3:speed>7.51</ns3:speed>
						<ns3:cad>0.0</ns3:cad>
						<ns3:hr>127</ns3:hr>
					</ns3:TrackPointExtension>
				</extensions>
			</trkpt>
			<trkpt lat="46.97317563" lon="5.87929585">
				<ele>830.13</ele>
				<time>2025-11-08T13:57:55Z</time>
				<extensions>
					<ns3:TrackPointExtension>
						<ns3:speed>7.75</ns3:speed>
						<ns3:cad>0.0</ns3:cad>
						<ns3:hr>127</ns3:hr>
					</ns3:TrackPointExtension>
				</extensions>
			</trkpt>
			<trkpt lat="46.97316497" lon="5.87941951">
				<ele>829.19</ele>
				<time>2025-11-08T13:57:56Z</time>
				<extensions>
					<ns3:TrackPointExtension>
						<ns3:speed>7.93</ns3:speed>
						<ns3:cad>0.0</ns3:cad>
						<ns3:hr>127</ns3:hr>
					</ns3:TrackPointExtension>
				</extensions>
			</trkpt>
			<trkpt lat="46.97315364" lon="5.87954351">
				<ele>828.33</ele>
				<time>2025-11-08T13:57:57Z</time>
				<extensions>
					<ns3:TrackPointExtension>
						<ns3:speed>8.06</ns3:speed>
						<ns3:cad>0.0</ns3:cad>
						<ns3:hr>127</ns3:hr>
					</ns3:TrackPointExtension>
				</extensions>
			</trkpt>
			<trkpt lat="46.97314264" lon="5.87966717">
				<ele>827.41</ele>
				<time>2025-11-08T13:57:58Z</time>
				<extensions>
					<ns3:TrackPointExtension>
						<ns3:speed>8.19</ns3:speed>
						<ns3:cad>0.0</ns3:cad>
						<ns3:hr>127</ns3:hr>
					</ns3:TrackPointExtension>
				</extensions>
			</trkpt>
			<trkpt lat="46.97313398" lon="5.87978883">
				<ele>826.56</ele>
				<time>2025-11-08T13:57:59Z</time>
				<extensions>
					<ns3:TrackPointExtension>
						<ns3:speed>8.33</ns3:speed>
						<ns3:cad>0.0</ns3:cad>
						<ns3:hr>127</ns3:hr>
					</ns3:TrackPointExtension>
				</extensions>
			</trkpt>
			<trkpt lat="46.97313165" lon="5.87990849">
				<ele>825.77</ele>
				<time>2025-11-08T13:58:00Z</time>
				<extensions>
					<ns3:TrackPointExtension>
						<ns3:speed>8.4</ns3:speed>
						<ns3:cad>0.0</ns3:cad>
						<ns3:hr>128</ns3:hr>
					</ns3:TrackPointExtension>
				</extensions>
			</trkpt>
			<trkpt lat="46.97313598" lon="5.88002749">
				<ele>825.07</ele>
				<time>2025-11-08T13:58:01Z</time>
				<extensions>
					<ns3:TrackPointExtension>
						<ns3:speed>8.4</ns3:speed>
						<ns3:cad>0.0</ns3:cad>
						<ns3:hr>129</ns3:hr>
					</ns3:TrackPointExtension>
				</extensions>
			</trkpt>
			<trkpt lat="46.97314597" lon="5.88014615">
				<ele>824.41</ele>
				<time>2025-11-08T13:58:02Z</time>
				<extensions>
					<ns3:TrackPointExtension>
						<ns3:speed>8.47</ns3:speed>
						<ns3:cad>0.0</ns3:cad>
						<ns3:hr>129</ns3:hr>
					</ns3:TrackPointExtension>
				</extensions>
			</trkpt>
			<trkpt lat="46.97315796" lon="5.88026281">
				<ele>823.69</ele>
				<time>2025-11-08T13:58:03Z</time>
				<extensions>
					<ns3:TrackPointExtension>
						<ns3:speed>8.54</ns3:speed>
						<ns3:cad>0.0</ns3:cad>
						<ns3:hr>129</ns3:hr>
					</ns3:TrackPointExtension>
				</extensions>
			</trkpt>
			<trkpt lat="46.97317129" lon="5.88037547">
				<ele>823.05</ele>
				<time>2025-11-08T13:58:04Z</time>
				<extensions>
					<ns3:TrackPointExtension>
						<ns3:speed>8.54</ns3:speed>
						<ns3:cad>0.0</ns3:cad>
						<ns3:hr>130</ns3:hr>
					</ns3:TrackPointExtension>
				</extensions>
			</trkpt>
			<trkpt lat="46.97318729" lon="5.8804838">
				<ele>822.38</ele>
				<time>2025-11-08T13:58:05Z</time>
				<extensions>
					<ns3:TrackPointExtension>
						<ns3:speed>8.54</ns3:speed>
						<ns3:cad>0.0</ns3:cad>
						<ns3:hr>129</ns3:hr>
					</ns3:TrackPointExtension>
				</extensions>
			</trkpt>
			<trkpt lat="46.97320595" lon="5.88058946">
				<ele>821.77</ele>
				<time>2025-11-08T13:58:06Z</time>
				<extensions>
					<ns3:TrackPointExtension>
						<ns3:speed>8.47</ns3:speed>
						<ns3:cad>0.0</ns3:cad>
						<ns3:hr>130</ns3:hr>
					</ns3:TrackPointExtension>
				</extensions>
			</trkpt>
			<trkpt lat="46.97322795" lon="5.88069346">
				<ele>821.26</ele>
				<time>2025-11-08T13:58:07Z</time>
				<extensions>
					<ns3:TrackPointExtension>
						<ns3:speed>8.47</ns3:speed>
						<ns3:cad>0.0</ns3:cad>
						<ns3:hr>130</ns3:hr>
					</ns3:TrackPointExtension>
				</extensions>
			</trkpt>
			<trkpt lat="46.97325128" lon="5.88079646">
				<ele>820.72</ele>
				<time>2025-11-08T13:58:08Z</time>
				<extensions>
					<ns3:TrackPointExtension>
						<ns3:speed>8.4</ns3:speed>
						<ns3:cad>0.0</ns3:cad>
						<ns3:hr>129</ns3:hr>
					</ns3:TrackPointExtension>
				</extensions>
			</trkpt>
			<trkpt lat="46.97327394" lon="5.88089779">
				<ele>820.24</ele>
				<time>2025-11-08T13:58:09Z</time>
				<extensions>
					<ns3:TrackPointExtension>
						<ns3:speed>8.4</ns3:speed>
						<ns3:cad>0.0</ns3:cad>
						<ns3:hr>129</ns3:hr>
					</ns3:TrackPointExtension>
				</extensions>
			</trkpt>
			<trkpt lat="46.9732976" lon="5.88099645">
				<ele>819.75</ele>
				<time>2025-11-08T13:58:10Z</time>
				<extensions>
					<ns3:TrackPointExtension>
						<ns3:speed>8.33</ns3:speed>
						<ns3:cad>0.0</ns3:cad>
						<ns3:hr>129</ns3:hr>
					</ns3:TrackPointExtension>
				</extensions>
			</trkpt>
			<trkpt lat="46.97332293" lon="5.88109111">
				<ele>819.32</ele>
				<time>2025-11-08T13:58:11Z</time>
				<extensions>
					<ns3:TrackPointExtension>
						<ns3:speed>8.26</ns3:speed>
						<ns3:cad>0.0</ns3:cad>
						<ns3:hr>129</ns3:hr>
					</ns3:TrackPointExtension>
				</extensions>
			</trkpt>
			<trkpt lat="46.97335226" lon="5.88118244">
				<ele>818.89</ele>
				<time>2025-11-08T13:58:12Z</time>
				<extensions>
					<ns3:TrackPointExtension>
						<ns3:speed>8.19</ns3:speed>
						<ns3:cad>0.0</ns3:cad>
						<ns3:hr>130</ns3:hr>
					</ns3:TrackPointExtension>
				</extensions>
			</trkpt>
			<trkpt lat="46.97338626" lon="5.88127043">
				<ele>818.45</ele>
				<time>2025-11-08T13:58:13Z</time>
				<extensions>
					<ns3:TrackPointExtension>
						<ns3:speed>8.13</ns3:speed>
						<ns3:cad>0.0</ns3:cad>
						<ns3:hr>130</ns3:hr>
					</ns3:TrackPointExtension>
				</extensions>
			</trkpt>
			<trkpt lat="46.97342259" lon="5.88135276">
				<ele>818.03</ele>
				<time>2025-11-08T13:58:14Z</time>
				<extensions>
					<ns3:TrackPointExtension>
						<ns3:speed>8.06</ns3:speed>
						<ns3:cad>0.0</ns3:cad>
						<ns3:hr>130</ns3:hr>
					</ns3:TrackPointExtension>
				</extensions>
			</trkpt>
			<trkpt lat="46.97346059" lon="5.88142875">
				<ele>817.69</ele>
				<time>2025-11-08T13:58:15Z</time>
				<extensions>
					<ns3:TrackPointExtension>
						<ns3:speed>8.0</ns3:speed>
						<ns3:cad>0.0</ns3:cad>
						<ns3:hr>130</ns3:hr>
					</ns3:TrackPointExtension>
				</extensions>
			</trkpt>
			<trkpt lat="46.97349892" lon="5.88149975">
				<ele>817.4</ele>
				<time>2025-11-08T13:58:16Z</time>
				<extensions>
					<ns3:TrackPointExtension>
						<ns3:speed>7.87</ns3:speed>
						<ns3:cad>0.0</ns3:cad>
						<ns3:hr>130</ns3:hr>
					</ns3:TrackPointExtension>
				</extensions>
			</trkpt>
			<trkpt lat="46.97353858" lon="5.88156975">
				<ele>817.16</ele>
				<time>2025-11-08T13:58:17Z</time>
				<extensions>
					<ns3:TrackPointExtension>
						<ns3:speed>7.75</ns3:speed>
						<ns3:cad>0.0</ns3:cad>
						<ns3:hr>130</ns3:hr>
					</ns3:TrackPointExtension>
				</extensions>
			</trkpt>
			<trkpt lat="46.97358091" lon="5.88164374">
				<ele>816.96</ele>
				<time>2025-11-08T13:58:18Z</time>
				<extensions>
					<ns3:TrackPointExtension>
						<ns3:speed>7.63</ns3:speed>
						<ns3:cad>0.0</ns3:cad>
						<ns3:hr>129</ns3:hr>
					</ns3:TrackPointExtension>
				</extensions>
			</trkpt>
			<trkpt lat="46.97362424" lon="5.8817224">
				<ele>816.79</ele>
				<time>2025-11-08T13:58:19Z</time>
				<extensions>
					<ns3:TrackPointExtension>
						<ns3:speed>7.63</ns3:speed>
						<ns3:cad>0.0</ns3:cad>
						<ns3:hr>128</ns3:hr>
					</ns3:TrackPointExtension>
				</extensions>
			</trkpt>
			<trkpt lat="46.9736669" lon="5.88180406">
				<ele>816.61</ele>
				<time>2025-11-08T13:58:20Z</time>
				<extensions>
					<ns3:TrackPointExtension>
						<ns3:speed>7.63</ns3:speed>
						<ns3:cad>0.0</ns3:cad>
						<ns3:hr>128</ns3:hr>
					</ns3:TrackPointExtension>
				</extensions>
			</trkpt>
			<trkpt lat="46.97370923" lon="5.88188539">
				<ele>816.45</ele>
				<time>2025-11-08T13:58:21Z</time>
				<extensions>
					<ns3:TrackPointExtension>
						<ns3:speed>7.69</ns3:speed>
						<ns3:cad>0.0</ns3:cad>
						<ns3:hr>129</ns3:hr>
					</ns3:TrackPointExtension>
				</extensions>
			</trkpt>
			<trkpt lat="46.97375056" lon="5.88196705">
				<ele>816.33</ele>
				<time>2025-11-08T13:58:22Z</time>
				<extensions>
					<ns3:TrackPointExtension>
						<ns3:speed>7.75</ns3:speed>
						<ns3:cad>0.0</ns3:cad>
						<ns3:hr>131</ns3:hr>
					</ns3:TrackPointExtension>
				</extensions>
			</trkpt>
			<trkpt lat="46.97379189" lon="5.88204738">
				<ele>816.39</ele>
				<time>2025-11-08T13:58:23Z</time>
				<extensions>
					<ns3:TrackPointExtension>
						<ns3:speed>7.75</ns3:speed>
						<ns3:cad>0.0</ns3:cad>
						<ns3:hr>130</ns3:hr>
					</ns3:TrackPointExtension>
				</extensions>
			</trkpt>
			<trkpt lat="46.97383488" lon="5.88212704">
				<ele>816.67</ele>
				<time>2025-11-08T13:58:24Z</time>
				<extensions>
					<ns3:TrackPointExtension>
						<ns3:speed>7.69</ns3:speed>
						<ns3:cad>0.0</ns3:cad>
						<ns3:hr>131</ns3:hr>
					</ns3:TrackPointExtension>
				</extensions>
			</trkpt>
			<trkpt lat="46.97387954" lon="5.88220137">
				<ele>817.05</ele>
				<time>2025-11-08T13:58:25Z</time>
				<extensions>
					<ns3:TrackPointExtension>
						<ns3:speed>7.69</ns3:speed>
						<ns3:cad>0.0</ns3:cad>
						<ns3:hr>130</ns3:hr>
					</ns3:TrackPointExtension>
				</extensions>
			</trkpt>
			<trkpt lat="46.97392553" lon="5.8822667">
				<ele>817.51</ele>
				<time>2025-11-08T13:58:26Z</time>
				<extensions>
					<ns3:TrackPointExtension>
						<ns3:speed>7.63</ns3:speed>
						<ns3:cad>0.0</ns3:cad>
						<ns3:hr>130</ns3:hr>
					</ns3:TrackPointExtension>
				</extensions>
			</trkpt>
			<trkpt lat="46.97397086" lon="5.88232303">
				<ele>818.09</ele>
				<time>2025-11-08T13:58:27Z</time>
				<extensions>
					<ns3:TrackPointExtension>
						<ns3:speed>7.57</ns3:speed>
						<ns3:cad>0.0</ns3:cad>
						<ns3:hr>129</ns3:hr>
					</ns3:TrackPointExtension>
				</extensions>
			</trkpt>
			<trkpt lat="46.97401619" lon="5.88237903">
				<ele>818.75</ele>
				<time>2025-11-08T13:58:28Z</time>
				<extensions>
					<ns3:TrackPointExtension>
						<ns3:speed>7.46</ns3:speed>
						<ns3:cad>0.0</ns3:cad>
						<ns3:hr>128</ns3:hr>
					</ns3:TrackPointExtension>
				</extensions>
			</trkpt>
			<trkpt lat="46.97406352" lon="5.88243836">
				<ele>819.43</ele>
				<time>2025-11-08T13:58:29Z</time>
				<extensions>
					<ns3:TrackPointExtension>
						<ns3:speed>7.35</ns3:speed>
						<ns3:cad>0.0</ns3:cad>
						<ns3:hr>127</ns3:hr>
					</ns3:TrackPointExtension>
				</extensions>
			</trkpt>
			<trkpt lat="46.97411451" lon="5.88249869">
				<ele>820.13</ele>
				<time>2025-11-08T13:58:30Z</time>
				<extensions>
					<ns3:TrackPointExtension>
						<ns3:speed>7.29</ns3:speed>
						<ns3:cad>0.0</ns3:cad>
						<ns3:hr>128</ns3:hr>
					</ns3:TrackPointExtension>
				</extensions>
			</trkpt>
			<trkpt lat="46.97416751" lon="5.88255435">
				<ele>820.78</ele>
				<time>2025-11-08T13:58:31Z</time>
				<extensions>
					<ns3:TrackPointExtension>
						<ns3:speed>7.29</ns3:speed>
						<ns3:cad>0.0</ns3:cad>
						<ns3:hr>127</ns3:hr>
					</ns3:TrackPointExtension>
				</extensions>
			</trkpt>
			<trkpt lat="46.97422017" lon="5.88260035">
				<ele>821.38</ele>
				<time>2025-11-08T13:58:32Z</time>
				<extensions>
					<ns3:TrackPointExtension>
						<ns3:speed>7.35</ns3:speed>
						<ns3:cad>0.0</ns3:cad>
						<ns3:hr>128</ns3:hr>
					</ns3:TrackPointExtension>
				</extensions>
			</trkpt>
			<trkpt lat="46.9742685" lon="5.88263868">
				<ele>821.94</ele>
				<time>2025-11-08T13:58:33Z</time>
				<extensions>
					<ns3:TrackPointExtension>
						<ns3:speed>7.29</ns3:speed>
						<ns3:cad>0.0</ns3:cad>
						<ns3:hr>128</ns3:hr>
					</ns3:TrackPointExtension>
				</extensions>
			</trkpt>
			<trkpt lat="46.97431283" lon="5.88267534">
				<ele>822.72</ele>
				<time>2025-11-08T13:58:34Z</time>
				<extensions>
					<ns3:TrackPointExtension>
						<ns3:speed>7.09</ns3:speed>
						<ns3:cad>0.0</ns3:cad>
						<ns3:hr>129</ns3:hr>
					</ns3:TrackPointExtension>
				</extensions>
			</trkpt>
			<trkpt lat="46.97435582" lon="5.88271634">
				<ele>823.56</ele>
				<time>2025-11-08T13:58:35Z</time>
				<extensions>
					<ns3:TrackPointExtension>
						<ns3:speed>6.89</ns3:speed>
						<ns3:cad>0.0</ns3:cad>
						<ns3:hr>128</ns3:hr>
					</ns3:TrackPointExtension>
				</extensions>
			</trkpt>
			<trkpt lat="46.97440048" lon="5.88275967">
				<ele>824.55</ele>
				<time>2025-11-08T13:58:36Z</time>
				<extensions>
					<ns3:TrackPointExtension>
						<ns3:speed>6.71</ns3:speed>
						<ns3:cad>0.0</ns3:cad>
						<ns3:hr>129</ns3:hr>
					</ns3:TrackPointExtension>
				</extensions>
			</trkpt>
			<trkpt lat="46.97444548" lon="5.88280567">
				<ele>825.46</ele>
				<time>2025-11-08T13:58:37Z</time>
				<extensions>
					<ns3:TrackPointExtension>
						<ns3:speed>6.62</ns3:speed>
						<ns3:cad>0.0</ns3:cad>
						<ns3:hr>130</ns3:hr>
					</ns3:TrackPointExtension>
				</extensions>
			</trkpt>
			<trkpt lat="46.97448847" lon="5.88285433">
				<ele>826.34</ele>
				<time>2025-11-08T13:58:38Z</time>
				<extensions>
					<ns3:TrackPointExtension>
						<ns3:speed>6.57</ns3:speed>
						<ns3:cad>0.0</ns3:cad>
						<ns3:hr>129</ns3:hr>
					</ns3:TrackPointExtension>
				</extensions>
			</trkpt>
			<trkpt lat="46.97452813" lon="5.88290633">
				<ele>827.15</ele>
				<time>2025-11-08T13:58:39Z</time>
				<extensions>
					<ns3:TrackPointExtension>
						<ns3:speed>6.53</ns3:speed>
						<ns3:cad>0.0</ns3:cad>
						<ns3:hr>129</ns3:hr>
					</ns3:TrackPointExtension>
				</extensions>
			</trkpt>
			<trkpt lat="46.97456846" lon="5.88296366">
				<ele>827.83</ele>
				<time>2025-11-08T13:58:40Z</time>
				<extensions>
					<ns3:TrackPointExtension>
						<ns3:speed>6.45</ns3:speed>
						<ns3:cad>0.0</ns3:cad>
						<ns3:hr>129</ns3:hr>
					</ns3:TrackPointExtension>
				</extensions>
			</trkpt>
			<trkpt lat="46.97461279" lon="5.88302465">
				<ele>828.39</ele>
				<time>2025-11-08T13:58:41Z</time>
				<extensions>
					<ns3:TrackPointExtension>
						<ns3:speed>6.45</ns3:speed>
						<ns3:cad>0.0</ns3:cad>
						<ns3:hr>129</ns3:hr>
					</ns3:TrackPointExtension>
				</extensions>
			</trkpt>
			<trkpt lat="46.97465912" lon="5.88308831">
				<ele>828.81</ele>
				<time>2025-11-08T13:58:42Z</time>
				<extensions>
					<ns3:TrackPointExtension>
						<ns3:speed>6.49</ns3:speed>
						<ns3:cad>0.0</ns3:cad>
						<ns3:hr>129</ns3:hr>
					</ns3:TrackPointExtension>
				</extensions>
			</trkpt>
			<trkpt lat="46.97470645" lon="5.88315297">
				<ele>829.15</ele>
				<time>2025-11-08T13:58:43Z</time>
				<extensions>
					<ns3:TrackPointExtension>
						<ns3:speed>6.57</ns3:speed>
						<ns3:cad>0.0</ns3:cad>
						<ns3:hr>129</ns3:hr>
					</ns3:TrackPointExtension>
				</extensions>
			</trkpt>
			<trkpt lat="46.97475311" lon="5.8832183">
				<ele>829.29</ele>
				<time>2025-11-08T13:58:44Z</time>
				<extensions>
					<ns3:TrackPointExtension>
						<ns3:speed>6.66</ns3:speed>
						<ns3:cad>0.0</ns3:cad>
						<ns3:hr>129</ns3:hr>
					</ns3:TrackPointExtension>
				</extensions>
			</trkpt>
			<trkpt lat="46.97479811" lon="5.88328063">
				<ele>829.4</ele>
				<time>2025-11-08T13:58:45Z</time>
				<extensions>
					<ns3:TrackPointExtension>
						<ns3:speed>6.66</ns3:speed>
						<ns3:cad>0.0</ns3:cad>
						<ns3:hr>129</ns3:hr>
					</ns3:TrackPointExtension>
				</extensions>
			</trkpt>
			<trkpt lat="46.97484444" lon="5.88333696">
				<ele>829.38</ele>
				<time>2025-11-08T13:58:46Z</time>
				<extensions>
					<ns3:TrackPointExtension>
						<ns3:speed>6.66</ns3:speed>
						<ns3:cad>0.0</ns3:cad>
						<ns3:hr>130</ns3:hr>
					</ns3:TrackPointExtension>
				</extensions>
			</trkpt>
			<trkpt lat="46.9748951" lon="5.88338262">
				<ele>829.36</ele>
				<time>2025-11-08T13:58:47Z</time>
				<extensions>
					<ns3:TrackPointExtension>
						<ns3:speed>6.66</ns3:speed>
						<ns3:cad>0.0</ns3:cad>
						<ns3:hr>129</ns3:hr>
					</ns3:TrackPointExtension>
				</extensions>
			</trkpt>
			<trkpt lat="46.97494876" lon="5.88341661">
				<ele>829.27</ele>
				<time>2025-11-08T13:58:48Z</time>
				<extensions>
					<ns3:TrackPointExtension>
						<ns3:speed>6.62</ns3:speed>
						<ns3:cad>0.0</ns3:cad>
						<ns3:hr>129</ns3:hr>
					</ns3:TrackPointExtension>
				</extensions>
			</trkpt>
			<trkpt lat="46.97500309" lon="5.88343627">
				<ele>829.17</ele>
				<time>2025-11-08T13:58:49Z</time>
				<extensions>
					<ns3:TrackPointExtension>
						<ns3:speed>6.62</ns3:speed>
						<ns3:cad>0.0</ns3:cad>
						<ns3:hr>129</ns3:hr>
					</ns3:TrackPointExtension>
				</extensions>
			</trkpt>
			<trkpt lat="46.97505609" lon="5.8834416">
				<ele>828.91</ele>
				<time>2025-11-08T13:58:50Z</time>
				<extensions>
					<ns3:TrackPointExtension>
						<ns3:speed>6.57</ns3:speed>
						<ns3:cad>0.0</ns3:cad>
						<ns3:hr>128</ns3:hr>
					</ns3:TrackPointExtension>
				</extensions>
			</trkpt>
			<trkpt lat="46.97510609" lon="5.88343127">
				<ele>828.69</ele>
				<time>2025-11-08T13:58:51Z</time>
				<extensions>
					<ns3:TrackPointExtension>
						<ns3:speed>6.53</ns3:speed>
						<ns3:cad>0.0</ns3:cad>
						<ns3:hr>127</ns3:hr>
					</ns3:TrackPointExtension>
				</extensions>
			</trkpt>
			<trkpt lat="46.97515008" lon="5.88340661">
				<ele>828.49</ele>
				<time>2025-11-08T13:58:52Z</time>
				<extensions>
					<ns3:TrackPointExtension>
						<ns3:speed>6.45</ns3:speed>
						<ns3:cad>0.0</ns3:cad>
						<ns3:hr>127</ns3:hr>
					</ns3:TrackPointExtension>
				</extensions>
			</trkpt>
			<trkpt lat="46.97518707" lon="5.88336761">
				<ele>828.33</ele>
				<time>2025-11-08T13:58:53Z</time>
				<extensions>
					<ns3:TrackPointExtension>
						<ns3:speed>6.32</ns3:speed>
						<ns3:cad>0.0</ns3:cad>
						<ns3:hr>126</ns3:hr>
					</ns3:TrackPointExtension>
				</extensions>
			</trkpt>
			<trkpt lat="46.97521607" lon="5.88331495">
				<ele>828.17</ele>
				<time>2025-11-08T13:58:54Z</time>
				<extensions>
					<ns3:TrackPointExtension>
						<ns3:speed>6.21</ns3:speed>
						<ns3:cad>0.0</ns3:cad>
						<ns3:hr>125</ns3:hr>
					</ns3:TrackPointExtension>
				</extensions>
			</trkpt>
			<trkpt lat="46.9752354" lon="5.88325029">
				<ele>828.0</ele>
				<time>2025-11-08T13:58:55Z</time>
				<extensions>
					<ns3:TrackPointExtension>
						<ns3:speed>6.13</ns3:speed>
						<ns3:cad>0.0</ns3:cad>
						<ns3:hr>124</ns3:hr>
					</ns3:TrackPointExtension>
				</extensions>
			</trkpt>
			<trkpt lat="46.97524206" lon="5.88317563">
				<ele>827.86</ele>
				<time>2025-11-08T13:58:56Z</time>
				<extensions>
					<ns3:TrackPointExtension>
						<ns3:speed>6.09</ns3:speed>
						<ns3:cad>0.0</ns3:cad>
						<ns3:hr>124</ns3:hr>
					</ns3:TrackPointExtension>
				</extensions>
			</trkpt>
			<trkpt lat="46.97523573" lon="5.88309597">
				<ele>827.7</ele>
				<time>2025-11-08T13:58:57Z</time>
				<extensions>
					<ns3:TrackPointExtension>
						<ns3:speed>6.13</ns3:speed>
						<ns3:cad>0.0</ns3:cad>
						<ns3:hr>124</ns3:hr>
					</ns3:TrackPointExtension>
				</extensions>
			</trkpt>
			<trkpt lat="46.9752164" lon="5.88301331">
				<ele>827.49</ele>
				<time>2025-11-08T13:58:58Z</time>
				<extensions>
					<ns3:TrackPointExtension>
						<ns3:speed>6.21</ns3:speed>
						<ns3:cad>0.0</ns3:cad>
						<ns3:hr>124</ns3:hr>
					</ns3:TrackPointExtension>
				</extensions>
			</trkpt>
			<trkpt lat="46.97518807" lon="5.88293031">
				<ele>827.18</ele>
				<time>2025-11-08T13:58:59Z</time>
				<extensions>
					<ns3:TrackPointExtension>
						<ns3:speed>6.32</ns3:speed>
						<ns3:cad>0.0</ns3:cad>
						<ns3:hr>123</ns3:hr>
					</ns3:TrackPointExtension>
				</extensions>
			</trkpt>
			<trkpt lat="46.97515474" lon="5.88284932">
				<ele>826.83</ele>
				<time>2025-11-08T13:59:00Z</time>
				<extensions>
					<ns3:TrackPointExtension>
						<ns3:speed>6.45</ns3:speed>
						<ns3:cad>0.0</ns3:cad>
						<ns3:hr>124</ns3:hr>
					</ns3:TrackPointExtension>
				</extensions>
			</trkpt>
			<trkpt lat="46.97511708" lon="5.88277333">
				<ele>826.5</ele>
				<time>2025-11-08T13:59:01Z</time>
				<extensions>
					<ns3:TrackPointExtension>
						<ns3:speed>6.53</ns3:speed>
						<ns3:cad>0.0</ns3:cad>
						<ns3:hr>124</ns3:hr>
					</ns3:TrackPointExtension>
				</extensions>
			</trkpt>
			<trkpt lat="46.97507742" lon="5.882704">
				<ele>826.23</ele>
				<time>2025-11-08T13:59:02Z</time>
				<extensions>
					<ns3:TrackPointExtension>
						<ns3:speed>6.57</ns3:speed>
						<ns3:cad>0.0</ns3:cad>
						<ns3:hr>124</ns3:hr>
					</ns3:TrackPointExtension>
				</extensions>
			</trkpt>
			<trkpt lat="46.97503542" lon="5.88263867">
				<ele>825.98</ele>
				<time>2025-11-08T13:59:03Z</time>
				<extensions>
					<ns3:TrackPointExtension>
						<ns3:speed>6.57</ns3:speed>
						<ns3:cad>0.0</ns3:cad>
						<ns3:hr>125</ns3:hr>
					</ns3:TrackPointExtension>
				</extensions>
			</trkpt>
			<trkpt lat="46.97499176" lon="5.88257434">
				<ele>825.75</ele>
				<time>2025-11-08T13:59:04Z</time>
				<extensions>
					<ns3:TrackPointExtension>
						<ns3:speed>6.57</ns3:speed>
						<ns3:cad>0.0</ns3:cad>
						<ns3:hr>126</ns3:hr>
					</ns3:TrackPointExtension>
				</extensions>
			</trkpt>
			<trkpt lat="46.97494743" lon="5.88250768">
				<ele>825.56</ele>
				<time>2025-11-08T13:59:05Z</time>
				<extensions>
					<ns3:TrackPointExtension>
						<ns3:speed>6.57</ns3:speed>
						<ns3:cad>0.0</ns3:cad>
						<ns3:hr>127</ns3:hr>
					</ns3:TrackPointExtension>
				</extensions>
			</trkpt>
			<trkpt lat="46.9749041" lon="5.88243702">
				<ele>825.35</ele>
				<time>2025-11-08T13:59:06Z</time>
				<extensions>
					<ns3:TrackPointExtension>
						<ns3:speed>6.57</ns3:speed>
						<ns3:cad>0.0</ns3:cad>
						<ns3:hr>127</ns3:hr>
					</ns3:TrackPointExtension>
				</extensions>
			</trkpt>
			<trkpt lat="46.97486144" lon="5.88236269">
				<ele>825.1</ele>
				<time>2025-11-08T13:59:07Z</time>
				<extensions>
					<ns3:TrackPointExtension>
						<ns3:speed>6.62</ns3:speed>
						<ns3:cad>0.0</ns3:cad>
						<ns3:hr>127</ns3:hr>
					</ns3:TrackPointExtension>
				</extensions>
			</trkpt>
			<trkpt lat="46.97481978" lon="5.8822867">
				<ele>824.64</ele>
				<time>2025-11-08T13:59:08Z</time>
				<extensions>
					<ns3:TrackPointExtension>
						<ns3:speed>6.71</ns3:speed>
						<ns3:cad>0.0</ns3:cad>
						<ns3:hr>127</ns3:hr>
					</ns3:TrackPointExtension>
				</extensions>
			</trkpt>
			<trkpt lat="46.97477612" lon="5.88221371">
				<ele>824.25</ele>
				<time>2025-11-08T13:59:09Z</time>
				<extensions>
					<ns3:TrackPointExtension>
						<ns3:speed>6.8</ns3:speed>
						<ns3:cad>0.0</ns3:cad>
						<ns3:hr>127</ns3:hr>
					</ns3:TrackPointExtension>
				</extensions>
			</trkpt>
			<trkpt lat="46.97472879" lon="5.88214538">
				<ele>823.9</ele>
				<time>2025-11-08T13:59:10Z</time>
				<extensions>
					<ns3:TrackPointExtension>
						<ns3:speed>6.84</ns3:speed>
						<ns3:cad>0.0</ns3:cad>
						<ns3:hr>127</ns3:hr>
					</ns3:TrackPointExtension>
				</extensions>
			</trkpt>
			<trkpt lat="46.97467446" lon="5.88208239">
				<ele>823.61</ele>
				<time>2025-11-08T13:59:11Z</time>
				<extensions>
					<ns3:TrackPointExtension>
						<ns3:speed>6.89</ns3:speed>
						<ns3:cad>0.0</ns3:cad>
						<ns3:hr>126</ns3:hr>
					</ns3:TrackPointExtension>
				</extensions>
			</trkpt>
			<trkpt lat="46.97461213" lon="5.88202273">
				<ele>823.36</ele>
				<time>2025-11-08T13:59:12Z</time>
				<extensions>
					<ns3:TrackPointExtension>
						<ns3:speed>6.94</ns3:speed>
						<ns3:cad>0.0</ns3:cad>
						<ns3:hr>126</ns3:hr>
					</ns3:TrackPointExtension>
				</extensions>
			</trkpt>
			<trkpt lat="46.9745458" lon="5.88196273">
				<ele>823.15</ele>
				<time>2025-11-08T13:59:13Z</time>
				<extensions>
					<ns3:TrackPointExtension>
						<ns3:speed>7.09</ns3:speed>
						<ns3:cad>0.0</ns3:cad>
						<ns3:hr>126</ns3:hr>
					</ns3:TrackPointExtension>
				</extensions>
			</trkpt>
			<trkpt lat="46.97447714" lon="5.88190007">
				<ele>822.94</ele>
				<time>2025-11-08T13:59:14Z</time>
				<extensions>
					<ns3:TrackPointExtension>
						<ns3:speed>7.29</ns3:speed>
						<ns3:cad>0.0</ns3:cad>
						<ns3:hr>127</ns3:hr>
					</ns3:TrackPointExtension>
				</extensions>
			</trkpt>
			<trkpt lat="46.97440915" lon="5.88183541">
				<ele>822.77</ele>
				<time>2025-11-08T13:59:15Z</time>
				<extensions>
					<ns3:TrackPointExtension>
						<ns3:speed>7.46</ns3:speed>
						<ns3:cad>0.0</ns3:cad>
						<ns3:hr>128</ns3:hr>
					</ns3:TrackPointExtension>
				</extensions>
			</trkpt>
			<trkpt lat="46.97434116" lon="5.88177108">
				<ele>822.62</ele>
				<time>2025-11-08T13:59:16Z</time>
				<extensions>
					<ns3:TrackPointExtension>
						<ns3:speed>7.63</ns3:speed>
						<ns3:cad>0.0</ns3:cad>
						<ns3:hr>129</ns3:hr>
					</ns3:TrackPointExtension>
				</extensions>
			</trkpt>
			<trkpt lat="46.97427183" lon="5.88170909">
				<ele>822.53</ele>
				<time>2025-11-08T13:59:17Z</time>
				<extensions>
					<ns3:TrackPointExtension>
						<ns3:speed>7.75</ns3:speed>
						<ns3:cad>0.0</ns3:cad>
						<ns3:hr>129</ns3:hr>
					</ns3:TrackPointExtension>
				</extensions>
			</trkpt>
			<trkpt lat="46.97420017" lon="5.8816481">
				<ele>822.46</ele>
				<time>2025-11-08T13:59:18Z</time>
				<extensions>
					<ns3:TrackPointExtension>
						<ns3:speed>7.87</ns3:speed>
						<ns3:cad>0.0</ns3:cad>
						<ns3:hr>129</ns3:hr>
					</ns3:TrackPointExtension>
				</extensions>
			</trkpt>
			<trkpt lat="46.97412651" lon="5.88158644">
				<ele>822.4</ele>
				<time>2025-11-08T13:59:19Z</time>
				<extensions>
					<ns3:TrackPointExtension>
						<ns3:speed>8.0</ns3:speed>
						<ns3:cad>0.0</ns3:cad>
						<ns3:hr>128</ns3:hr>
					</ns3:TrackPointExtension>
				</extensions>
			</trkpt>
			<trkpt lat="46.97404951" lon="5.88152578">
				<ele>822.32</ele>
				<time>2025-11-08T13:59:20Z</time>
				<extensions>
					<ns3:TrackPointExtension>
						<ns3:speed>8.13</ns3:speed>
						<ns3:cad>0.0</ns3:cad>
						<ns3:hr>125</ns3:hr>
					</ns3:TrackPointExtension>
				</extensions>
			</trkpt>
			<trkpt lat="46.97397085" lon="5.88146778">
				<ele>822.24</ele>
				<time>2025-11-08T13:59:21Z</time>
				<extensions>
					<ns3:TrackPointExtension>
						<ns3:speed>8.33</ns3:speed>
						<ns3:cad>0.0</ns3:cad>
						<ns3:hr>124</ns3:hr>
					</ns3:TrackPointExtension>
				</extensions>
			</trkpt>
			<trkpt lat="46.97389152" lon="5.88141179">
				<ele>822.09</ele>
				<time>2025-11-08T13:59:22Z</time>
				<extensions>
					<ns3:TrackPointExtension>
						<ns3:speed>8.47</ns3:speed>
						<ns3:cad>0.0</ns3:cad>
						<ns3:hr>122</ns3:hr>
					</ns3:TrackPointExtension>
				</extensions>
			</trkpt>
			<trkpt lat="46.97381419" lon="5.88135379">
				<ele>821.94</ele>
				<time>2025-11-08T13:59:23Z</time>
				<extensions>
					<ns3:TrackPointExtension>
						<ns3:speed>8.62</ns3:speed>
						<ns3:cad>0.0</ns3:cad>
						<ns3:hr>122</ns3:hr>
					</ns3:TrackPointExtension>
				</extensions>
			</trkpt>
			<trkpt lat="46.97373886" lon="5.88129013">
				<ele>821.78</ele>
				<time>2025-11-08T13:59:24Z</time>
				<extensions>
					<ns3:TrackPointExtension>
						<ns3:speed>8.69</ns3:speed>
						<ns3:cad>0.0</ns3:cad>
						<ns3:hr>122</ns3:hr>
					</ns3:TrackPointExtension>
				</extensions>
			</trkpt>
			<trkpt lat="46.97366586" lon="5.88122314">
				<ele>821.55</ele>
				<time>2025-11-08T13:59:25Z</time>
				<extensions>
					<ns3:TrackPointExtension>
						<ns3:speed>8.84</ns3:speed>
						<ns3:cad>0.0</ns3:cad>
						<ns3:hr>122</ns3:hr>
					</ns3:TrackPointExtension>
				</extensions>
			</trkpt>
			<trkpt lat="46.97359453" lon="5.88115648">
				<ele>821.29</ele>
				<time>2025-11-08T13:59:26Z</time>
				<extensions>
					<ns3:TrackPointExtension>
						<ns3:speed>8.92</ns3:speed>
						<ns3:cad>0.0</ns3:cad>
						<ns3:hr>121</ns3:hr>
					</ns3:TrackPointExtension>
				</extensions>
			</trkpt>
			<trkpt lat="46.9735252" lon="5.88109115">
				<ele>820.93</ele>
				<time>2025-11-08T13:59:27Z</time>
				<extensions>
					<ns3:TrackPointExtension>
						<ns3:speed>8.92</ns3:speed>
						<ns3:cad>0.0</ns3:cad>
						<ns3:hr>121</ns3:hr>
					</ns3:TrackPointExtension>
				</extensions>
			</trkpt>
			<trkpt lat="46.97345887" lon="5.88102516">
				<ele>820.52</ele>
				<time>2025-11-08T13:59:28Z</time>
				<extensions>
					<ns3:TrackPointExtension>
						<ns3:speed>8.92</ns3:speed>
						<ns3:cad>0.0</ns3:cad>
						<ns3:hr>122</ns3:hr>
					</ns3:TrackPointExtension>
				</extensions>
			</trkpt>
			<trkpt lat="46.97339521" lon="5.88095617">
				<ele>820.17</ele>
				<time>2025-11-08T13:59:29Z</time>
				<extensions>
					<ns3:TrackPointExtension>
						<ns3:speed>8.92</ns3:speed>
						<ns3:cad>0.0</ns3:cad>
						<ns3:hr>122</ns3:hr>
					</ns3:TrackPointExtension>
				</extensions>
			</trkpt>
			<trkpt lat="46.97333355" lon="5.88088351">
				<ele>819.8</ele>
				<time>2025-11-08T13:59:30Z</time>
				<extensions>
					<ns3:TrackPointExtension>
						<ns3:speed>8.84</ns3:speed>
						<ns3:cad>0.0</ns3:cad>
						<ns3:hr>123</ns3:hr>
					</ns3:TrackPointExtension>
				</extensions>
			</trkpt>
			<trkpt lat="46.97327289" lon="5.88080785">
				<ele>819.43</ele>
				<time>2025-11-08T13:59:31Z</time>
				<extensions>
					<ns3:TrackPointExtension>
						<ns3:speed>8.84</ns3:speed>
						<ns3:cad>0.0</ns3:cad>
						<ns3:hr>124</ns3:hr>
					</ns3:TrackPointExtension>
				</extensions>
			</trkpt>
			<trkpt lat="46.97321356" lon="5.88073186">
				<ele>819.0</ele>
				<time>2025-11-08T13:59:32Z</time>
				<extensions>
					<ns3:TrackPointExtension>
						<ns3:speed>8.84</ns3:speed>
						<ns3:cad>0.0</ns3:cad>
						<ns3:hr>124</ns3:hr>
					</ns3:TrackPointExtension>
				</extensions>
			</trkpt>
			<trkpt lat="46.97315657" lon="5.8806552">
				<ele>818.51</ele>
				<time>2025-11-08T13:59:33Z</time>
				<extensions>
					<ns3:TrackPointExtension>
						<ns3:speed>8.84</ns3:speed>
						<ns3:cad>0.0</ns3:cad>
						<ns3:hr>124</ns3:hr>
					</ns3:TrackPointExtension>
				</extensions>
			</trkpt>
			<trkpt lat="46.97310291" lon="5.88057687">
				<ele>817.98</ele>
				<time>2025-11-08T13:59:34Z</time>
				<extensions>
					<ns3:TrackPointExtension>
						<ns3:speed>8.84</ns3:speed>
						<ns3:cad>0.0</ns3:cad>
						<ns3:hr>125</ns3:hr>
					</ns3:TrackPointExtension>
				</extensions>
			</trkpt>
			<trkpt lat="46.97305492" lon="5.88049588">
				<ele>817.54</ele>
				<time>2025-11-08T13:59:35Z</time>
				<extensions>
					<ns3:TrackPointExtension>
						<ns3:speed>8.77</ns3:speed>
						<ns3:cad>0.0</ns3:cad>
						<ns3:hr>125</ns3:hr>
					</ns3:TrackPointExtension>
				</extensions>
			</trkpt>
			<trkpt lat="46.97301126" lon="5.88041022">
				<ele>817.11</ele>
				<time>2025-11-08T13:59:36Z</time>
				<extensions>
					<ns3:TrackPointExtension>
						<ns3:speed>8.69</ns3:speed>
						<ns3:cad>0.0</ns3:cad>
						<ns3:hr>126</ns3:hr>
					</ns3:TrackPointExtension>
				</extensions>
			</trkpt>
			<trkpt lat="46.9729746" lon="5.88031989">
				<ele>816.71</ele>
				<time>2025-11-08T13:59:37Z</time>
				<extensions>
					<ns3:TrackPointExtension>
						<ns3:speed>8.62</ns3:speed>
						<ns3:cad>0.0</ns3:cad>
						<ns3:hr>126</ns3:hr>
					</ns3:TrackPointExtension>
				</extensions>
			</trkpt>
			<trkpt lat="46.97294527" lon="5.88022789">
				<ele>816.24</ele>
				<time>2025-11-08T13:59:38Z</time>
				<extensions>
					<ns3:TrackPointExtension>
						<ns3:speed>8.54</ns3:speed>
						<ns3:cad>0.0</ns3:cad>
						<ns3:hr>126</ns3:hr>
					</ns3:TrackPointExtension>
				</extensions>
			</trkpt>
			<trkpt lat="46.97292694" lon="5.8801359">
				<ele>815.76</ele>
				<time>2025-11-08T13:59:39Z</time>
				<extensions>
					<ns3:TrackPointExtension>
						<ns3:speed>8.47</ns3:speed>
						<ns3:cad>0.0</ns3:cad>
						<ns3:hr>125</ns3:hr>
					</ns3:TrackPointExtension>
				</extensions>
			</trkpt>
			<trkpt lat="46.97292061" lon="5.88004791">
				<ele>815.22</ele>
				<time>2025-11-08T13:59:40Z</time>
				<extensions>
					<ns3:TrackPointExtension>
						<ns3:speed>8.33</ns3:speed>
						<ns3:cad>0.0</ns3:cad>
						<ns3:hr>125</ns3:hr>
					</ns3:TrackPointExtension>
				</extensions>
			</trkpt>
			<trkpt lat="46.97292694" lon="5.87996658">
				<ele>814.77</ele>
				<time>2025-11-08T13:59:41Z</time>
				<extensions>
					<ns3:TrackPointExtension>
						<ns3:speed>8.19</ns3:speed>
						<ns3:cad>0.0</ns3:cad>
						<ns3:hr>125</ns3:hr>
					</ns3:TrackPointExtension>
				</extensions>
			</trkpt>
			<trkpt lat="46.97294594" lon="5.87989725">
				<ele>814.35</ele>
				<time>2025-11-08T13:59:42Z</time>
				<extensions>
					<ns3:TrackPointExtension>
						<ns3:speed>8.0</ns3:speed>
						<ns3:cad>0.0</ns3:cad>
						<ns3:hr>125</ns3:hr>
					</ns3:TrackPointExtension>
				</extensions>
			</trkpt>
			<trkpt lat="46.97297594" lon="5.87984359">
				<ele>813.92</ele>
				<time>2025-11-08T13:59:43Z</time>
				<extensions>
					<ns3:TrackPointExtension>
						<ns3:speed>7.81</ns3:speed>
						<ns3:cad>0.0</ns3:cad>
						<ns3:hr>125</ns3:hr>
					</ns3:TrackPointExtension>
				</extensions>
			</trkpt>
			<trkpt lat="46.97301593" lon="5.87981459">
				<ele>813.49</ele>
				<time>2025-11-08T13:59:44Z</time>
				<extensions>
					<ns3:TrackPointExtension>
						<ns3:speed>7.57</ns3:speed>
						<ns3:cad>0.0</ns3:cad>
						<ns3:hr>125</ns3:hr>
					</ns3:TrackPointExtension>
				</extensions>
			</trkpt>
			<trkpt lat="46.97306059" lon="5.87981126">
				<ele>813.02</ele>
				<time>2025-11-08T13:59:45Z</time>
				<extensions>
					<ns3:TrackPointExtension>
						<ns3:speed>7.35</ns3:speed>
						<ns3:cad>0.0</ns3:cad>
						<ns3:hr>126</ns3:hr>
					</ns3:TrackPointExtension>
				</extensions>
			</trkpt>
			<trkpt lat="46.97310392" lon="5.87985059">
				<ele>812.5</ele>
				<time>2025-11-08T13:59:46Z</time>
				<extensions>
					<ns3:TrackPointExtension>
						<ns3:speed>7.14</ns3:speed>
						<ns3:cad>0.0</ns3:cad>
						<ns3:hr>127</ns3:hr>
					</ns3:TrackPointExtension>
				</extensions>
			</trkpt>
			<trkpt lat="46.97314025" lon="5.87992025">
				<ele>811.94</ele>
				<time>2025-11-08T13:59:47Z</time>
				<extensions>
					<ns3:TrackPointExtension>
						<ns3:speed>7.04</ns3:speed>
						<ns3:cad>0.0</ns3:cad>
						<ns3:hr>128</ns3:hr>
					</ns3:TrackPointExtension>
				</extensions>
			</trkpt>
			<trkpt lat="46.97316991" lon="5.88000991">
				<ele>811.14</ele>
				<time>2025-11-08T13:59:48Z</time>
				<extensions>
					<ns3:TrackPointExtension>
						<ns3:speed>7.09</ns3:speed>
						<ns3:cad>0.0</ns3:cad>
						<ns3:hr>127</ns3:hr>
					</ns3:TrackPointExtension>
				</extensions>
			</trkpt>
			<trkpt lat="46.97319224" lon="5.88011124">
				<ele>810.27</ele>
				<time>2025-11-08T13:59:49Z</time>
				<extensions>
					<ns3:TrackPointExtension>
						<ns3:speed>7.24</ns3:speed>
						<ns3:cad>0.0</ns3:cad>
						<ns3:hr>124</ns3:hr>
					</ns3:TrackPointExtension>
				</extensions>
			</trkpt>
			<trkpt lat="46.97321023" lon="5.88021857">
				<ele>809.54</ele>
				<time>2025-11-08T13:59:50Z</time>
				<extensions>
					<ns3:TrackPointExtension>
						<ns3:speed>7.4</ns3:speed>
						<ns3:cad>0.0</ns3:cad>
						<ns3:hr>124</ns3:hr>
					</ns3:TrackPointExtension>
				</extensions>
			</trkpt>
			<trkpt lat="46.97322522" lon="5.88032923">
				<ele>808.9</ele>
				<time>2025-11-08T13:59:51Z</time>
				<extensions>
					<ns3:TrackPointExtension>
						<ns3:speed>7.51</ns3:speed>
						<ns3:cad>0.0</ns3:cad>
						<ns3:hr>124</ns3:hr>
					</ns3:TrackPointExtension>
				</extensions>
			</trkpt>
			<trkpt lat="46.97323755" lon="5.88044256">
				<ele>808.35</ele>
				<time>2025-11-08T13:59:52Z</time>
				<extensions>
					<ns3:TrackPointExtension>
						<ns3:speed>7.63</ns3:speed>
						<ns3:cad>0.0</ns3:cad>
						<ns3:hr>123</ns3:hr>
					</ns3:TrackPointExtension>
				</extensions>
			</trkpt>
			<trkpt lat="46.97325021" lon="5.88055789">
				<ele>807.86</ele>
				<time>2025-11-08T13:59:53Z</time>
				<extensions>
					<ns3:TrackPointExtension>
						<ns3:speed>7.69</ns3:speed>
						<ns3:cad>0.0</ns3:cad>
						<ns3:hr>122</ns3:hr>
					</ns3:TrackPointExtension>
				</extensions>
			</trkpt>
			<trkpt lat="46.97326521" lon="5.88067322">
				<ele>807.44</ele>
				<time>2025-11-08T13:59:54Z</time>
				<extensions>
					<ns3:TrackPointExtension>
						<ns3:speed>7.81</ns3:speed>
						<ns3:cad>0.0</ns3:cad>
						<ns3:hr>121</ns3:hr>
					</ns3:TrackPointExtension>
				</extensions>
			</trkpt>
			<trkpt lat="46.97328087" lon="5.88078588">
				<ele>807.03</ele>
				<time>2025-11-08T13:59:55Z</time>
				<extensions>
					<ns3:TrackPointExtension>
						<ns3:speed>7.93</ns3:speed>
						<ns3:cad>0.0</ns3:cad>
						<ns3:hr>121</ns3:hr>
					</ns3:TrackPointExtension>
				</extensions>
			</trkpt>
			<trkpt lat="46.9732942" lon="5.88089654">
				<ele>806.66</ele>
				<time>2025-11-08T13:59:56Z</time>
				<extensions>
					<ns3:TrackPointExtension>
						<ns3:speed>8.0</ns3:speed>
						<ns3:cad>0.0</ns3:cad>
						<ns3:hr>121</ns3:hr>
					</ns3:TrackPointExtension>
				</extensions>
			</trkpt>
			<trkpt lat="46.97330619" lon="5.88100654">
				<ele>806.35</ele>
				<time>2025-11-08T13:59:57Z</time>
				<extensions>
					<ns3:TrackPointExtension>
						<ns3:speed>8.06</ns3:speed>
						<ns3:cad>0.0</ns3:cad>
						<ns3:hr>120</ns3:hr>
					</ns3:TrackPointExtension>
				</extensions>
			</trkpt>
			<trkpt lat="46.97331952" lon="5.8811152">
				<ele>806.08</ele>
				<time>2025-11-08T13:59:58Z</time>
				<extensions>
					<ns3:TrackPointExtension>
						<ns3:speed>8.06</ns3:speed>
						<ns3:cad>0.0</ns3:cad>
						<ns3:hr>122</ns3:hr>
					</ns3:TrackPointExtension>
				</extensions>
			</trkpt>
			<trkpt lat="46.97333618" lon="5.88122153">
				<ele>805.84</ele>
				<time>2025-11-08T13:59:59Z</time>
				<extensions>
					<ns3:TrackPointExtension>
						<ns3:speed>8.06</ns3:speed>
						<ns3:cad>0.0</ns3:cad>
						<ns3:hr>122</ns3:hr>
					</ns3:TrackPointExtension>
				</extensions>
			</trkpt>
			<trkpt lat="46.97335551" lon="5.88132686">
				<ele>805.66</ele>
				<time>2025-11-08T14:00:00Z</time>
				<extensions>
					<ns3:TrackPointExtension>
						<ns3:speed>8.06</ns3:speed>
						<ns3:cad>0.0</ns3:cad>
						<ns3:hr>122</ns3:hr>
					</ns3:TrackPointExtension>
				</extensions>
			</trkpt>
			<trkpt lat="46.97337484" lon="5.88142919">
				<ele>805.41</ele>
				<time>2025-11-08T14:00:01Z</time>
				<extensions>
					<ns3:TrackPointExtension>
						<ns3:speed>8.06</ns3:speed>
						<ns3:cad>0.0</ns3:cad>
						<ns3:hr>124</ns3:hr>
					</ns3:TrackPointExtension>
				</extensions>
			</trkpt>
			<trkpt lat="46.97339483" lon="5.88152652">
				<ele>805.14</ele>
				<time>2025-11-08T14:00:02Z</time>
				<extensions>
					<ns3:TrackPointExtension>
						<ns3:speed>8.06</ns3:speed>
						<ns3:cad>0.0</ns3:cad>
						<ns3:hr>124</ns3:hr>
					</ns3:TrackPointExtension>
				</extensions>
			</trkpt>
			<trkpt lat="46.97341516" lon="5.88161985">
				<ele>804.9</ele>
				<time>2025-11-08T14:00:03Z</time>
				<extensions>
					<ns3:TrackPointExtension>
						<ns3:speed>8.0</ns3:speed>
						<ns3:cad>0.0</ns3:cad>
						<ns3:hr>124</ns3:hr>
					</ns3:TrackPointExtension>
				</extensions>
			</trkpt>
			<trkpt lat="46.97343949" lon="5.88170918">
				<ele>804.63</ele>
				<time>2025-11-08T14:00:04Z</time>
				<extensions>
					<ns3:TrackPointExtension>
						<ns3:speed>7.87</ns3:speed>
						<ns3:cad>0.0</ns3:cad>
						<ns3:hr>125</ns3:hr>
					</ns3:TrackPointExtension>
				</extensions>
			</trkpt>
			<trkpt lat="46.97346849" lon="5.88179851">
				<ele>804.22</ele>
				<time>2025-11-08T14:00:05Z</time>
				<extensions>
					<ns3:TrackPointExtension>
						<ns3:speed>7.81</ns3:speed>
						<ns3:cad>0.0</ns3:cad>
						<ns3:hr>126</ns3:hr>
					</ns3:TrackPointExtension>
				</extensions>
			</trkpt>
			<trkpt lat="46.97350282" lon="5.88188717">
				<ele>803.81</ele>
				<time>2025-11-08T14:00:06Z</time>
				<extensions>
					<ns3:TrackPointExtension>
						<ns3:speed>7.75</ns3:speed>
						<ns3:cad>0.0</ns3:cad>
						<ns3:hr>126</ns3:hr>
					</ns3:TrackPointExtension>
				</extensions>
			</trkpt>
			<trkpt lat="46.97354015" lon="5.8819735">
				<ele>803.3</ele>
				<time>2025-11-08T14:00:07Z</time>
				<extensions>
					<ns3:TrackPointExtension>
						<ns3:speed>7.81</ns3:speed>
						<ns3:cad>0.0</ns3:cad>
						<ns3:hr>127</ns3:hr>
					</ns3:TrackPointExtension>
				</extensions>
			</trkpt>
			<trkpt lat="46.97357848" lon="5.88204849">
				<ele>802.74</ele>
				<time>2025-11-08T14:00:08Z</time>
				<extensions>
					<ns3:TrackPointExtension>
						<ns3:speed>7.81</ns3:speed>
						<ns3:cad>0.0</ns3:cad>
						<ns3:hr>126</ns3:hr>
					</ns3:TrackPointExtension>
				</extensions>
			</trkpt>
			<trkpt lat="46.97361847" lon="5.88211448">
				<ele>802.25</ele>
				<time>2025-11-08T14:00:09Z</time>
				<extensions>
					<ns3:TrackPointExtension>
						<ns3:speed>7.75</ns3:speed>
						<ns3:cad>0.0</ns3:cad>
						<ns3:hr>126</ns3:hr>
					</ns3:TrackPointExtension>
				</extensions>
			</trkpt>
			<trkpt lat="46.9736628" lon="5.88217714">
				<ele>801.82</ele>
				<time>2025-11-08T14:00:10Z</time>
				<extensions>
					<ns3:TrackPointExtension>
						<ns3:speed>7.63</ns3:speed>
						<ns3:cad>0.0</ns3:cad>
						<ns3:hr>126</ns3:hr>
					</ns3:TrackPointExtension>
				</extensions>
			</trkpt>
			<trkpt lat="46.97371213" lon="5.88223747">
				<ele>801.37</ele>
				<time>2025-11-08T14:00:11Z</time>
				<extensions>
					<ns3:TrackPointExtension>
						<ns3:speed>7.51</ns3:speed>
						<ns3:cad>0.0</ns3:cad>
						<ns3:hr>126</ns3:hr>
					</ns3:TrackPointExtension>
				</extensions>
			</trkpt>
			<trkpt lat="46.97376679" lon="5.8822898">
				<ele>800.83</ele>
				<time>2025-11-08T14:00:12Z</time>
				<extensions>
					<ns3:TrackPointExtension>
						<ns3:speed>7.51</ns3:speed>
						<ns3:cad>0.0</ns3:cad>
						<ns3:hr>125</ns3:hr>
					</ns3:TrackPointExtension>
				</extensions>
			</trkpt>
			<trkpt lat="46.97382512" lon="5.88232679">
				<ele>800.39</ele>
				<time>2025-11-08T14:00:13Z</time>
				<extensions>
					<ns3:TrackPointExtension>
						<ns3:speed>7.51</ns3:speed>
						<ns3:cad>0.0</ns3:cad>
						<ns3:hr>125</ns3:hr>
					</ns3:TrackPointExtension>
				</extensions>
			</trkpt>
			<trkpt lat="46.97388211" lon="5.88234912">
				<ele>800.01</ele>
				<time>2025-11-08T14:00:14Z</time>
				<extensions>
					<ns3:TrackPointExtension>
						<ns3:speed>7.51</ns3:speed>
						<ns3:cad>0.0</ns3:cad>
						<ns3:hr>125</ns3:hr>
					</ns3:TrackPointExtension>
				</extensions>
			</trkpt>
			<trkpt lat="46.9739371" lon="5.88236212">
				<ele>799.74</ele>
				<time>2025-11-08T14:00:15Z</time>
				<extensions>
					<ns3:TrackPointExtension>
						<ns3:speed>7.4</ns3:speed>
						<ns3:cad>0.0</ns3:cad>
						<ns3:hr>124</ns3:hr>
					</ns3:TrackPointExtension>
				</extensions>
			</trkpt>
			<trkpt lat="46.97399043" lon="5.88237312">
				<ele>799.7</ele>
				<time>2025-11-08T14:00:16Z</time>
				<extensions>
					<ns3:TrackPointExtension>
						<ns3:speed>7.24</ns3:speed>
						<ns3:cad>0.0</ns3:cad>
						<ns3:hr>124</ns3:hr>
					</ns3:TrackPointExtension>
				</extensions>
			</trkpt>
			<trkpt lat="46.97404476" lon="5.88238445">
				<ele>799.86</ele>
				<time>2025-11-08T14:00:17Z</time>
				<extensions>
					<ns3:TrackPointExtension>
						<ns3:speed>7.14</ns3:speed>
						<ns3:cad>0.0</ns3:cad>
						<ns3:hr>124</ns3:hr>
					</ns3:TrackPointExtension>
				</extensions>
			</trkpt>
			<trkpt lat="46.97409975" lon="5.88239111">
				<ele>800.08</ele>
				<time>2025-11-08T14:00:18Z</time>
				<extensions>
					<ns3:TrackPointExtension>
						<ns3:speed>6.99</ns3:speed>
						<ns3:cad>0.0</ns3:cad>
						<ns3:hr>124</ns3:hr>
					</ns3:TrackPointExtension>
				</extensions>
			</trkpt>
			<trkpt lat="46.97415441" lon="5.88238845">
				<ele>800.27</ele>
				<time>2025-11-08T14:00:19Z</time>
				<extensions>
					<ns3:TrackPointExtension>
						<ns3:speed>6.89</ns3:speed>
						<ns3:cad>0.0</ns3:cad>
						<ns3:hr>125</ns3:hr>
					</ns3:TrackPointExtension>
				</extensions>
			</trkpt>
			<trkpt lat="46.97420707" lon="5.88237679">
				<ele>800.42</ele>
				<time>2025-11-08T14:00:20Z</time>
				<extensions>
					<ns3:TrackPointExtension>
						<ns3:speed>6.8</ns3:speed>
						<ns3:cad>0.0</ns3:cad>
						<ns3:hr>125</ns3:hr>
					</ns3:TrackPointExtension>
				</extensions>
			</trkpt>
			<trkpt lat="46.9742584" lon="5.88236013">
				<ele>800.55</ele>
				<time>2025-11-08T14:00:21Z</time>
				<extensions>
					<ns3:TrackPointExtension>
						<ns3:speed>6.71</ns3:speed>
						<ns3:cad>0.0</ns3:cad>
						<ns3:hr>125</ns3:hr>
					</ns3:TrackPointExtension>
				</extensions>
			</trkpt>
			<trkpt lat="46.97430939" lon="5.88233713">
				<ele>800.58</ele>
				<time>2025-11-08T14:00:22Z</time>
				<extensions>
					<ns3:TrackPointExtension>
						<ns3:speed>6.62</ns3:speed>
						<ns3:cad>0.0</ns3:cad>
						<ns3:hr>125</ns3:hr>
					</ns3:TrackPointExtension>
				</extensions>
			</trkpt>
			<trkpt lat="46.97435872" lon="5.88230214">
				<ele>800.55</ele>
				<time>2025-11-08T14:00:23Z</time>
				<extensions>
					<ns3:TrackPointExtension>
						<ns3:speed>6.53</ns3:speed>
						<ns3:cad>0.0</ns3:cad>
						<ns3:hr>125</ns3:hr>
					</ns3:TrackPointExtension>
				</extensions>
			</trkpt>
			<trkpt lat="46.97440305" lon="5.88225181">
				<ele>800.43</ele>
				<time>2025-11-08T14:00:24Z</time>
				<extensions>
					<ns3:TrackPointExtension>
						<ns3:speed>6.49</ns3:speed>
						<ns3:cad>0.0</ns3:cad>
						<ns3:hr>125</ns3:hr>
					</ns3:TrackPointExtension>
				</extensions>
			</trkpt>
			<trkpt lat="46.97444071" lon="5.88218481">
				<ele>800.17</ele>
				<time>2025-11-08T14:00:25Z</time>
				<extensions>
					<ns3:TrackPointExtension>
						<ns3:speed>6.49</ns3:speed>
						<ns3:cad>0.0</ns3:cad>
						<ns3:hr>125</ns3:hr>
					</ns3:TrackPointExtension>
				</extensions>
			</trkpt>
			<trkpt lat="46.97446804" lon="5.88210415">
				<ele>799.77</ele>
				<time>2025-11-08T14:00:26Z</time>
				<extensions>
					<ns3:TrackPointExtension>
						<ns3:speed>6.53</ns3:speed>
						<ns3:cad>0.0</ns3:cad>
						<ns3:hr>124</ns3:hr>
					</ns3:TrackPointExtension>
				</extensions>
			</trkpt>
			<trkpt lat="46.97448003" lon="5.88201415">
				<ele>799.27</ele>
				<time>2025-11-08T14:00:27Z</time>
				<extensions>
					<ns3:TrackPointExtension>
						<ns3:speed>6.62</ns3:speed>
						<ns3:cad>0.0</ns3:cad>
						<ns3:hr>123</ns3:hr>
					</ns3:TrackPointExtension>
				</extensions>
			</trkpt>
			<trkpt lat="46.97446704" lon="5.88192382">
				<ele>798.83</ele>
				<time>2025-11-08T14:00:28Z</time>
				<extensions>
					<ns3:TrackPointExtension>
						<ns3:speed>6.66</ns3:speed>
						<ns3:cad>0.0</ns3:cad>
						<ns3:hr>123</ns3:hr>
					</ns3:TrackPointExtension>
				</extensions>
			</trkpt>
			<trkpt lat="46.97444104" lon="5.88183283">
				<ele>798.44</ele>
				<time>2025-11-08T14:00:29Z</time>
				<extensions>
					<ns3:TrackPointExtension>
						<ns3:speed>6.75</ns3:speed>
						<ns3:cad>0.0</ns3:cad>
						<ns3:hr>123</ns3:hr>
					</ns3:TrackPointExtension>
				</extensions>
			</trkpt>
			<trkpt lat="46.97440571" lon="5.88174083">
				<ele>797.94</ele>
				<time>2025-11-08T14:00:30Z</time>
				<extensions>
					<ns3:TrackPointExtension>
						<ns3:speed>6.84</ns3:speed>
						<ns3:cad>0.0</ns3:cad>
						<ns3:hr>123</ns3:hr>
					</ns3:TrackPointExtension>
				</extensions>
			</trkpt>
			<trkpt lat="46.97436171" lon="5.8816525">
				<ele>797.39</ele>
				<time>2025-11-08T14:00:31Z</time>
				<extensions>
					<ns3:TrackPointExtension>
						<ns3:speed>6.99</ns3:speed>
						<ns3:cad>0.0</ns3:cad>
						<ns3:hr>124</ns3:hr>
					</ns3:TrackPointExtension>
				</extensions>
			</trkpt>
			<trkpt lat="46.97431138" lon="5.88157184">
				<ele>796.67</ele>
				<time>2025-11-08T14:00:32Z</time>
				<extensions>
					<ns3:TrackPointExtension>
						<ns3:speed>7.14</ns3:speed>
						<ns3:cad>0.0</ns3:cad>
						<ns3:hr>124</ns3:hr>
					</ns3:TrackPointExtension>
				</extensions>
			</trkpt>
			<trkpt lat="46.97425639" lon="5.88149851">
				<ele>796.04</ele>
				<time>2025-11-08T14:00:33Z</time>
				<extensions>
					<ns3:TrackPointExtension>
						<ns3:speed>7.29</ns3:speed>
						<ns3:cad>0.0</ns3:cad>
						<ns3:hr>124</ns3:hr>
					</ns3:TrackPointExtension>
				</extensions>
			</trkpt>
			<trkpt lat="46.97420039" lon="5.88142751">
				<ele>795.37</ele>
				<time>2025-11-08T14:00:34Z</time>
				<extensions>
					<ns3:TrackPointExtension>
						<ns3:speed>7.35</ns3:speed>
						<ns3:cad>0.0</ns3:cad>
						<ns3:hr>125</ns3:hr>
					</ns3:TrackPointExtension>
				</extensions>
			</trkpt>
			<trkpt lat="46.97414306" lon="5.88135418">
				<ele>794.73</ele>
				<time>2025-11-08T14:00:35Z</time>
				<extensions>
					<ns3:TrackPointExtension>
						<ns3:speed>7.4</ns3:speed>
						<ns3:cad>0.0</ns3:cad>
						<ns3:hr>126</ns3:hr>
					</ns3:TrackPointExtension>
				</extensions>
			</trkpt>
			<trkpt lat="46.9740844" lon="5.88128019">
				<ele>794.03</ele>
				<time>2025-11-08T14:00:36Z</time>
				<extensions>
					<ns3:TrackPointExtension>
						<ns3:speed>7.46</ns3:speed>
						<ns3:cad>0.0</ns3:cad>
						<ns3:hr>126</ns3:hr>
					</ns3:TrackPointExtension>
				</extensions>
			</trkpt>
			<trkpt lat="46.9740234" lon="5.88120953">
				<ele>793.23</ele>
				<time>2025-11-08T14:00:37Z</time>
				<extensions>
					<ns3:TrackPointExtension>
						<ns3:speed>7.57</ns3:speed>
						<ns3:cad>0.0</ns3:cad>
						<ns3:hr>126</ns3:hr>
					</ns3:TrackPointExtension>
				</extensions>
			</trkpt>
			<trkpt lat="46.9739624" lon="5.8811402">
				<ele>792.35</ele>
				<time>2025-11-08T14:00:38Z</time>
				<extensions>
					<ns3:TrackPointExtension>
						<ns3:speed>7.69</ns3:speed>
						<ns3:cad>0.0</ns3:cad>
						<ns3:hr>127</ns3:hr>
					</ns3:TrackPointExtension>
				</extensions>
			</trkpt>
			<trkpt lat="46.97390307" lon="5.88107054">
				<ele>791.49</ele>
				<time>2025-11-08T14:00:39Z</time>
				<extensions>
					<ns3:TrackPointExtension>
						<ns3:speed>7.75</ns3:speed>
						<ns3:cad>0.0</ns3:cad>
						<ns3:hr>128</ns3:hr>
					</ns3:TrackPointExtension>
				</extensions>
			</trkpt>
			<trkpt lat="46.97384741" lon="5.88099821">
				<ele>790.56</ele>
				<time>2025-11-08T14:00:40Z</time>
				<extensions>
					<ns3:TrackPointExtension>
						<ns3:speed>7.81</ns3:speed>
						<ns3:cad>0.0</ns3:cad>
						<ns3:hr>128</ns3:hr>
					</ns3:TrackPointExtension>
				</extensions>
			</trkpt>
			<trkpt lat="46.97379475" lon="5.88092288">
				<ele>789.7</ele>
				<time>2025-11-08T14:00:41Z</time>
				<extensions>
					<ns3:TrackPointExtension>
						<ns3:speed>7.81</ns3:speed>
						<ns3:cad>0.0</ns3:cad>
						<ns3:hr>127</ns3:hr>
					</ns3:TrackPointExtension>
				</extensions>
			</trkpt>
			<trkpt lat="46.97374442" lon="5.88084689">
				<ele>788.8</ele>
				<time>2025-11-08T14:00:42Z</time>
				<extensions>
					<ns3:TrackPointExtension>
						<ns3:speed>7.87</ns3:speed>
						<ns3:cad>0.0</ns3:cad>
						<ns3:hr>127</ns3:hr>
					</ns3:TrackPointExtension>
				</extensions>
			</trkpt>
			<trkpt lat="46.97369509" lon="5.88077056">
				<ele>787.85</ele>
				<time>2025-11-08T14:00:43Z</time>
				<extensions>
					<ns3:TrackPointExtension>
						<ns3:speed>7.87</ns3:speed>
						<ns3:cad>0.0</ns3:cad>
						<ns3:hr>125</ns3:hr>
					</ns3:TrackPointExtension>
				</extensions>
			</trkpt>
			<trkpt lat="46.97364743" lon="5.8806949">
				<ele>786.93</ele>
				<time>2025-11-08T14:00:44Z</time>
				<extensions>
					<ns3:TrackPointExtension>
						<ns3:speed>7.81</ns3:speed>
						<ns3:cad>0.0</ns3:cad>
						<ns3:hr>124</ns3:hr>
					</ns3:TrackPointExtension>
				</extensions>
			</trkpt>
			<trkpt lat="46.9736021" lon="5.8806169">
				<ele>785.98</ele>
				<time>2025-11-08T14:00:45Z</time>
				<extensions>
					<ns3:TrackPointExtension>
						<ns3:speed>7.81</ns3:speed>
						<ns3:cad>0.0</ns3:cad>
						<ns3:hr>123</ns3:hr>
					</ns3:TrackPointExtension>
				</extensions>
			</trkpt>
			<trkpt lat="46.9735601" lon="5.88053591">
				<ele>785.12</ele>
				<time>2025-11-08T14:00:46Z</time>
				<extensions>
					<ns3:TrackPointExtension>
						<ns3:speed>7.81</ns3:speed>
						<ns3:cad>0.0</ns3:cad>
						<ns3:hr>122</ns3:hr>
					</ns3:TrackPointExtension>
				</extensions>
			</trkpt>
			<trkpt lat="46.97352044" lon="5.88045125">
				<ele>784.2</ele>
				<time>2025-11-08T14:00:47Z</time>
				<extensions>
					<ns3:TrackPointExtension>
						<ns3:speed>7.75</ns3:speed>
						<ns3:cad>0.0</ns3:cad>
						<ns3:hr>121</ns3:hr>
					</ns3:TrackPointExtension>
				</extensions>
			</trkpt>
			<trkpt lat="46.97348111" lon="5.88036326">
				<ele>783.3</ele>
				<time>2025-11-08T14:00:48Z</time>
				<extensions>
					<ns3:TrackPointExtension>
						<ns3:speed>7.75</ns3:speed>
						<ns3:cad>0.0</ns3:cad>
						<ns3:hr>121</ns3:hr>
					</ns3:TrackPointExtension>
				</extensions>
			</trkpt>
			<trkpt lat="46.97344112" lon="5.88027126">
				<ele>782.45</ele>
				<time>2025-11-08T14:00:49Z</time>
				<extensions>
					<ns3:TrackPointExtension>
						<ns3:speed>7.81</ns3:speed>
						<ns3:cad>0.0</ns3:cad>
						<ns3:hr>121</ns3:hr>
					</ns3:TrackPointExtension>
				</extensions>
			</trkpt>
			<trkpt lat="46.97340046" lon="5.8801766">
				<ele>781.62</ele>
				<time>2025-11-08T14:00:50Z</time>
				<extensions>
					<ns3:TrackPointExtension>
						<ns3:speed>7.87</ns3:speed>
						<ns3:cad>0.0</ns3:cad>
						<ns3:hr>121</ns3:hr>
					</ns3:TrackPointExtension>
				</extensions>
			</trkpt>
			<trkpt lat="46.9733598" lon="5.88008394">
				<ele>780.77</ele>
				<time>2025-11-08T14:00:51Z</time>
				<extensions>
					<ns3:TrackPointExtension>
						<ns3:speed>7.93</ns3:speed>
						<ns3:cad>0.0</ns3:cad>
						<ns3:hr>121</ns3:hr>
					</ns3:TrackPointExtension>
				</extensions>
			</trkpt>
			<trkpt lat="46.97331981" lon="5.87999494">
				<ele>779.93</ele>
				<time>2025-11-08T14:00:52Z</time>
				<extensions>
					<ns3:TrackPointExtension>
						<ns3:speed>8.0</ns3:speed>
						<ns3:cad>0.0</ns3:cad>
						<ns3:hr>122</ns3:hr>
					</ns3:TrackPointExtension>
				</extensions>
			</trkpt>
			<trkpt lat="46.97327881" lon="5.87990861">
				<ele>779.22</ele>
				<time>2025-11-08T14:00:53Z</time>
				<extensions>
					<ns3:TrackPointExtension>
						<ns3:speed>8.0</ns3:speed>
						<ns3:cad>0.0</ns3:cad>
						<ns3:hr>123</ns3:hr>
					</ns3:TrackPointExtension>
				</extensions>
			</trkpt>
			<trkpt lat="46.97323782" lon="5.87982362">
				<ele>778.62</ele>
				<time>2025-11-08T14:00:54Z</time>
				<extensions>
					<ns3:TrackPointExtension>
						<ns3:speed>8.0</ns3:speed>
						<ns3:cad>0.0</ns3:cad>
						<ns3:hr>123</ns3:hr>
					</ns3:TrackPointExtension>
				</extensions>
			</trkpt>
			<trkpt lat="46.97319649" lon="5.87973663">
				<ele>778.1</ele>
				<time>2025-11-08T14:00:55Z</time>
				<extensions>
					<ns3:TrackPointExtension>
						<ns3:speed>7.93</ns3:speed>
						<ns3:cad>0.0</ns3:cad>
						<ns3:hr>124</ns3:hr>
					</ns3:TrackPointExtension>
				</extensions>
			</trkpt>
			<trkpt lat="46.97315416" lon="5.87964797">
				<ele>777.66</ele>
				<time>2025-11-08T14:00:56Z</time>
				<extensions>
					<ns3:TrackPointExtension>
						<ns3:speed>7.93</ns3:speed>
						<ns3:cad>0.0</ns3:cad>
						<ns3:hr>124</ns3:hr>
					</ns3:TrackPointExtension>
				</extensions>
			</trkpt>
			<trkpt lat="46.97311216" lon="5.87955731">
				<ele>777.14</ele>
				<time>2025-11-08T14:00:57Z</time>
				<extensions>
					<ns3:TrackPointExtension>
						<ns3:speed>8.0</ns3:speed>
						<ns3:cad>0.0</ns3:cad>
						<ns3:hr>125</ns3:hr>
					</ns3:TrackPointExtension>
				</extensions>
			</trkpt>
			<trkpt lat="46.97307117" lon="5.87946631">
				<ele>776.65</ele>
				<time>2025-11-08T14:00:58Z</time>
				<extensions>
					<ns3:TrackPointExtension>
						<ns3:speed>8.06</ns3:speed>
						<ns3:cad>0.0</ns3:cad>
						<ns3:hr>125</ns3:hr>
					</ns3:TrackPointExtension>
				</extensions>
			</trkpt>
			<trkpt lat="46.97303251" lon="5.87937498">
				<ele>776.21</ele>
				<time>2025-11-08T14:00:59Z</time>
				<extensions>
					<ns3:TrackPointExtension>
						<ns3:speed>8.06</ns3:speed>
						<ns3:cad>0.0</ns3:cad>
						<ns3:hr>125</ns3:hr>
					</ns3:TrackPointExtension>
				</extensions>
			</trkpt>
			<trkpt lat="46.97299585" lon="5.87928199">
				<ele>775.82</ele>
				<time>2025-11-08T14:01:00Z</time>
				<extensions>
					<ns3:TrackPointExtension>
						<ns3:speed>8.06</ns3:speed>
						<ns3:cad>0.0</ns3:cad>
						<ns3:hr>125</ns3:hr>
					</ns3:TrackPointExtension>
				</extensions>
			</trkpt>
			<trkpt lat="46.97296319" lon="5.87918666">
				<ele>775.48</ele>
				<time>2025-11-08T14:01:01Z</time>
				<extensions>
					<ns3:TrackPointExtension>
						<ns3:speed>8.06</ns3:speed>
						<ns3:cad>0.0</ns3:cad>
						<ns3:hr>125</ns3:hr>
					</ns3:TrackPointExtension>
				</extensions>
			</trkpt>
			<trkpt lat="46.9729362" lon="5.87909">
				<ele>775.17</ele>
				<time>2025-11-08T14:01:02Z</time>
				<extensions>
					<ns3:TrackPointExtension>
						<ns3:speed>8.06</ns3:speed>
						<ns3:cad>0.0</ns3:cad>
						<ns3:hr>125</ns3:hr>
					</ns3:TrackPointExtension>
				</extensions>
			</trkpt>
			<trkpt lat="46.97291354" lon="5.878994">
				<ele>774.82</ele>
				<time>2025-11-08T14:01:03Z</time>
				<extensions>
					<ns3:TrackPointExtension>
						<ns3:speed>8.06</ns3:speed>
						<ns3:cad>0.0</ns3:cad>
						<ns3:hr>125</ns3:hr>
					</ns3:TrackPointExtension>
				</extensions>
			</trkpt>
			<trkpt lat="46.97289321" lon="5.87890001">
				<ele>774.5</ele>
				<time>2025-11-08T14:01:04Z</time>
				<extensions>
					<ns3:TrackPointExtension>
						<ns3:speed>8.06</ns3:speed>
						<ns3:cad>0.0</ns3:cad>
						<ns3:hr>126</ns3:hr>
					</ns3:TrackPointExtension>
				</extensions>
			</trkpt>
			<trkpt lat="46.97287355" lon="5.87880802">
				<ele>774.23</ele>
				<time>2025-11-08T14:01:05Z</time>
				<extensions>
					<ns3:TrackPointExtension>
						<ns3:speed>7.93</ns3:speed>
						<ns3:cad>0.0</ns3:cad>
						<ns3:hr>125</ns3:hr>
					</ns3:TrackPointExtension>
				</extensions>
			</trkpt>
			<trkpt lat="46.97285456" lon="5.87871736">
				<ele>773.95</ele>
				<time>2025-11-08T14:01:06Z</time>
				<extensions>
					<ns3:TrackPointExtension>
						<ns3:speed>7.87</ns3:speed>
						<ns3:cad>0.0</ns3:cad>
						<ns3:hr>125</ns3:hr>
					</ns3:TrackPointExtension>
				</extensions>
			</trkpt>
			<trkpt lat="46.97283523" lon="5.8786257">
				<ele>773.62</ele>
				<time>2025-11-08T14:01:07Z</time>
				<extensions>
					<ns3:TrackPointExtension>
						<ns3:speed>7.81</ns3:speed>
						<ns3:cad>0.0</ns3:cad>
						<ns3:hr>125</ns3:hr>
					</ns3:TrackPointExtension>
				</extensions>
			</trkpt>
			<trkpt lat="46.9728169" lon="5.87853204">
				<ele>773.32</ele>
				<time>2025-11-08T14:01:08Z</time>
				<extensions>
					<ns3:TrackPointExtension>
						<ns3:speed>7.75</ns3:speed>
						<ns3:cad>0.0</ns3:cad>
						<ns3:hr>125</ns3:hr>
					</ns3:TrackPointExtension>
				</extensions>
			</trkpt>
			<trkpt lat="46.97279991" lon="5.87843705">
				<ele>772.92</ele>
				<time>2025-11-08T14:01:09Z</time>
				<extensions>
					<ns3:TrackPointExtension>
						<ns3:speed>7.69</ns3:speed>
						<ns3:cad>0.0</ns3:cad>
						<ns3:hr>125</ns3:hr>
					</ns3:TrackPointExtension>
				</extensions>
			</trkpt>
			<trkpt lat="46.97278292" lon="5.87834506">
				<ele>772.54</ele>
				<time>2025-11-08T14:01:10Z</time>
				<extensions>
					<ns3:TrackPointExtension>
						<ns3:speed>7.69</ns3:speed>
						<ns3:cad>0.0</ns3:cad>
						<ns3:hr>125</ns3:hr>
					</ns3:TrackPointExtension>
				</extensions>
			</trkpt>
			<trkpt lat="46.97276559" lon="5.8782564">
				<ele>772.21</ele>
				<time>2025-11-08T14:01:11Z</time>
				<extensions>
					<ns3:TrackPointExtension>
						<ns3:speed>7.63</ns3:speed>
						<ns3:cad>0.0</ns3:cad>
						<ns3:hr>126</ns3:hr>
					</ns3:TrackPointExtension>
				</extensions>
			</trkpt>
			<trkpt lat="46.97274693" lon="5.87817107">
				<ele>771.94</ele>
				<time>2025-11-08T14:01:12Z</time>
				<extensions>
					<ns3:TrackPointExtension>
						<ns3:speed>7.57</ns3:speed>
						<ns3:cad>0.0</ns3:cad>
						<ns3:hr>125</ns3:hr>
					</ns3:TrackPointExtension>
				</extensions>
			</trkpt>
			<trkpt lat="46.97272794" lon="5.87808674">
				<ele>771.68</ele>
				<time>2025-11-08T14:01:13Z</time>
				<extensions>
					<ns3:TrackPointExtension>
						<ns3:speed>7.46</ns3:speed>
						<ns3:cad>0.0</ns3:cad>
						<ns3:hr>125</ns3:hr>
					</ns3:TrackPointExtension>
				</extensions>
			</trkpt>
			<trkpt lat="46.97270795" lon="5.87800141">
				<ele>771.37</ele>
				<time>2025-11-08T14:01:14Z</time>
				<extensions>
					<ns3:TrackPointExtension>
						<ns3:speed>7.35</ns3:speed>
						<ns3:cad>0.0</ns3:cad>
						<ns3:hr>125</ns3:hr>
					</ns3:TrackPointExtension>
				</extensions>
			</trkpt>
			<trkpt lat="46.97268662" lon="5.87791408">
				<ele>770.95</ele>
				<time>2025-11-08T14:01:15Z</time>
				<extensions>
					<ns3:TrackPointExtension>
						<ns3:speed>7.29</ns3:speed>
						<ns3:cad>0.0</ns3:cad>
						<ns3:hr>124</ns3:hr>
					</ns3:TrackPointExtension>
				</extensions>
			</trkpt>
			<trkpt lat="46.97266363" lon="5.87782508">
				<ele>770.44</ele>
				<time>2025-11-08T14:01:16Z</time>
				<extensions>
					<ns3:TrackPointExtension>
						<ns3:speed>7.29</ns3:speed>
						<ns3:cad>0.0</ns3:cad>
						<ns3:hr>123</ns3:hr>
					</ns3:TrackPointExtension>
				</extensions>
			</trkpt>
			<trkpt lat="46.97263997" lon="5.87773375">
				<ele>769.77</ele>
				<time>2025-11-08T14:01:17Z</time>
				<extensions>
					<ns3:TrackPointExtension>
						<ns3:speed>7.29</ns3:speed>
						<ns3:cad>0.0</ns3:cad>
						<ns3:hr>121</ns3:hr>
					</ns3:TrackPointExtension>
				</extensions>
			</trkpt>
			<trkpt lat="46.97261564" lon="5.87764075">
				<ele>769.08</ele>
				<time>2025-11-08T14:01:18Z</time>
				<extensions>
					<ns3:TrackPointExtension>
						<ns3:speed>7.35</ns3:speed>
						<ns3:cad>0.0</ns3:cad>
						<ns3:hr>119</ns3:hr>
					</ns3:TrackPointExtension>
				</extensions>
			</trkpt>
			<trkpt lat="46.97258931" lon="5.87754642">
				<ele>768.31</ele>
				<time>2025-11-08T14:01:19Z</time>
				<extensions>
					<ns3:TrackPointExtension>
						<ns3:speed>7.4</ns3:speed>
						<ns3:cad>0.0</ns3:cad>
						<ns3:hr>119</ns3:hr>
					</ns3:TrackPointExtension>
				</extensions>
			</trkpt>
			<trkpt lat="46.97255998" lon="5.87745109">
				<ele>767.45</ele>
				<time>2025-11-08T14:01:20Z</time>
				<extensions>
					<ns3:TrackPointExtension>
						<ns3:speed>7.46</ns3:speed>
						<ns3:cad>0.0</ns3:cad>
						<ns3:hr>119</ns3:hr>
					</ns3:TrackPointExtension>
				</extensions>
			</trkpt>
			<trkpt lat="46.97252832" lon="5.87735543">
				<ele>766.49</ele>
				<time>2025-11-08T14:01:21Z</time>
				<extensions>
					<ns3:TrackPointExtension>
						<ns3:speed>7.51</ns3:speed>
						<ns3:cad>0.0</ns3:cad>
						<ns3:hr>119</ns3:hr>
					</ns3:TrackPointExtension>
				</extensions>
			</trkpt>
			<trkpt lat="46.97249599" lon="5.87725777">
				<ele>765.57</ele>
				<time>2025-11-08T14:01:22Z</time>
				<extensions>
					<ns3:TrackPointExtension>
						<ns3:speed>7.57</ns3:speed>
						<ns3:cad>0.0</ns3:cad>
						<ns3:hr>120</ns3:hr>
					</ns3:TrackPointExtension>
				</extensions>
			</trkpt>
			<trkpt lat="46.97246666" lon="5.87715678">
				<ele>764.67</ele>
				<time>2025-11-08T14:01:23Z</time>
				<extensions>
					<ns3:TrackPointExtension>
						<ns3:speed>7.63</ns3:speed>
						<ns3:cad>0.0</ns3:cad>
						<ns3:hr>121</ns3:hr>
					</ns3:TrackPointExtension>
				</extensions>
			</trkpt>
			<trkpt lat="46.972444" lon="5.87705212">
				<ele>763.69</ele>
				<time>2025-11-08T14:01:24Z</time>
				<extensions>
					<ns3:TrackPointExtension>
						<ns3:speed>7.75</ns3:speed>
						<ns3:cad>0.0</ns3:cad>
						<ns3:hr>122</ns3:hr>
					</ns3:TrackPointExtension>
				</extensions>
			</trkpt>
			<trkpt lat="46.97243067" lon="5.87694713">
				<ele>762.79</ele>
				<time>2025-11-08T14:01:25Z</time>
				<extensions>
					<ns3:TrackPointExtension>
						<ns3:speed>7.81</ns3:speed>
						<ns3:cad>0.0</ns3:cad>
						<ns3:hr>123</ns3:hr>
					</ns3:TrackPointExtension>
				</extensions>
			</trkpt>
			<trkpt lat="46.97242601" lon="5.87684747">
				<ele>761.87</ele>
				<time>2025-11-08T14:01:26Z</time>
				<extensions>
					<ns3:TrackPointExtension>
						<ns3:speed>7.87</ns3:speed>
						<ns3:cad>0.0</ns3:cad>
						<ns3:hr>124</ns3:hr>
					</ns3:TrackPointExtension>
				</extensions>
			</trkpt>
			<trkpt lat="46.97242867" lon="5.87675248">
				<ele>761.02</ele>
				<time>2025-11-08T14:01:27Z</time>
				<extensions>
					<ns3:TrackPointExtension>
						<ns3:speed>7.87</ns3:speed>
						<ns3:cad>0.0</ns3:cad>
						<ns3:hr>125</ns3:hr>
					</ns3:TrackPointExtension>
				</extensions>
			</trkpt>
			<trkpt lat="46.97243766" lon="5.87665882">
				<ele>760.24</ele>
				<time>2025-11-08T14:01:28Z</time>
				<extensions>
					<ns3:TrackPointExtension>
						<ns3:speed>7.81</ns3:speed>
						<ns3:cad>0.0</ns3:cad>
						<ns3:hr>124</ns3:hr>
					</ns3:TrackPointExtension>
				</extensions>
			</trkpt>
			<trkpt lat="46.97245232" lon="5.87656383">
				<ele>759.48</ele>
				<time>2025-11-08T14:01:29Z</time>
				<extensions>
					<ns3:TrackPointExtension>
						<ns3:speed>7.75</ns3:speed>
						<ns3:cad>0.0</ns3:cad>
						<ns3:hr>123</ns3:hr>
					</ns3:TrackPointExtension>
				</extensions>
			</trkpt>
			<trkpt lat="46.97247065" lon="5.8764675">
				<ele>758.77</ele>
				<time>2025-11-08T14:01:30Z</time>
				<extensions>
					<ns3:TrackPointExtension>
						<ns3:speed>7.69</ns3:speed>
						<ns3:cad>0.0</ns3:cad>
						<ns3:hr>122</ns3:hr>
					</ns3:TrackPointExtension>
				</extensions>
			</trkpt>
			<trkpt lat="46.97249331" lon="5.87637451">
				<ele>758.05</ele>
				<time>2025-11-08T14:01:31Z</time>
				<extensions>
					<ns3:TrackPointExtension>
						<ns3:speed>7.75</ns3:speed>
						<ns3:cad>0.0</ns3:cad>
						<ns3:hr>123</ns3:hr>
					</ns3:TrackPointExtension>
				</extensions>
			</trkpt>
			<trkpt lat="46.97252064" lon="5.87628885">
				<ele>757.44</ele>
				<time>2025-11-08T14:01:32Z</time>
				<extensions>
					<ns3:TrackPointExtension>
						<ns3:speed>7.75</ns3:speed>
						<ns3:cad>0.0</ns3:cad>
						<ns3:hr>123</ns3:hr>
					</ns3:TrackPointExtension>
				</extensions>
			</trkpt>
			<trkpt lat="46.9725513" lon="5.87620919">
				<ele>756.94</ele>
				<time>2025-11-08T14:01:33Z</time>
				<extensions>
					<ns3:TrackPointExtension>
						<ns3:speed>7.69</ns3:speed>
						<ns3:cad>0.0</ns3:cad>
						<ns3:hr>124</ns3:hr>
					</ns3:TrackPointExtension>
				</extensions>
			</trkpt>
			<trkpt lat="46.97258463" lon="5.87613219">
				<ele>756.58</ele>
				<time>2025-11-08T14:01:34Z</time>
				<extensions>
					<ns3:TrackPointExtension>
						<ns3:speed>7.57</ns3:speed>
						<ns3:cad>0.0</ns3:cad>
						<ns3:hr>124</ns3:hr>
					</ns3:TrackPointExtension>
				</extensions>
			</trkpt>
			<trkpt lat="46.97261862" lon="5.87605586">
				<ele>756.28</ele>
				<time>2025-11-08T14:01:35Z</time>
				<extensions>
					<ns3:TrackPointExtension>
						<ns3:speed>7.51</ns3:speed>
						<ns3:cad>0.0</ns3:cad>
						<ns3:hr>125</ns3:hr>
					</ns3:TrackPointExtension>
				</extensions>
			</trkpt>
			<trkpt lat="46.97265195" lon="5.87598087">
				<ele>756.03</ele>
				<time>2025-11-08T14:01:36Z</time>
				<extensions>
					<ns3:TrackPointExtension>
						<ns3:speed>7.4</ns3:speed>
						<ns3:cad>0.0</ns3:cad>
						<ns3:hr>125</ns3:hr>
					</ns3:TrackPointExtension>
				</extensions>
			</trkpt>
			<trkpt lat="46.97268761" lon="5.87591121">
				<ele>755.83</ele>
				<time>2025-11-08T14:01:37Z</time>
				<extensions>
					<ns3:TrackPointExtension>
						<ns3:speed>7.35</ns3:speed>
						<ns3:cad>0.0</ns3:cad>
						<ns3:hr>126</ns3:hr>
					</ns3:TrackPointExtension>
				</extensions>
			</trkpt>
			<trkpt lat="46.97272694" lon="5.87585188">
				<ele>755.59</ele>
				<time>2025-11-08T14:01:38Z</time>
				<extensions>
					<ns3:TrackPointExtension>
						<ns3:speed>7.24</ns3:speed>
						<ns3:cad>0.0</ns3:cad>
						<ns3:hr>125</ns3:hr>
					</ns3:TrackPointExtension>
				</extensions>
			</trkpt>
			<trkpt lat="46.97277194" lon="5.87580655">
				<ele>755.33</ele>
				<time>2025-11-08T14:01:39Z</time>
				<extensions>
					<ns3:TrackPointExtension>
						<ns3:speed>7.14</ns3:speed>
						<ns3:cad>0.0</ns3:cad>
						<ns3:hr>125</ns3:hr>
					</ns3:TrackPointExtension>
				</extensions>
			</trkpt>
			<trkpt lat="46.97282227" lon="5.87577722">
				<ele>755.04</ele>
				<time>2025-11-08T14:01:40Z</time>
				<extensions>
					<ns3:TrackPointExtension>
						<ns3:speed>7.04</ns3:speed>
						<ns3:cad>0.0</ns3:cad>
						<ns3:hr>125</ns3:hr>
					</ns3:TrackPointExtension>
				</extensions>
			</trkpt>
			<trkpt lat="46.97287493" lon="5.87576722">
				<ele>754.73</ele>
				<time>2025-11-08T14:01:41Z</time>
				<extensions>
					<ns3:TrackPointExtension>
						<ns3:speed>6.94</ns3:speed>
						<ns3:cad>0.0</ns3:cad>
						<ns3:hr>124</ns3:hr>
					</ns3:TrackPointExtension>
				</extensions>
			</trkpt>
			<trkpt lat="46.97292826" lon="5.87577822">
				<ele>754.46</ele>
				<time>2025-11-08T14:01:42Z</time>
				<extensions>
					<ns3:TrackPointExtension>
						<ns3:speed>6.89</ns3:speed>
						<ns3:cad>0.0</ns3:cad>
						<ns3:hr>124</ns3:hr>
					</ns3:TrackPointExtension>
				</extensions>
			</trkpt>
			<trkpt lat="46.97298059" lon="5.87581355">
				<ele>754.12</ele>
				<time>2025-11-08T14:01:43Z</time>
				<extensions>
					<ns3:TrackPointExtension>
						<ns3:speed>6.89</ns3:speed>
						<ns3:cad>0.0</ns3:cad>
						<ns3:hr>124</ns3:hr>
					</ns3:TrackPointExtension>
				</extensions>
			</trkpt>
			<trkpt lat="46.97302892" lon="5.87587421">
				<ele>753.73</ele>
				<time>2025-11-08T14:01:44Z</time>
				<extensions>
					<ns3:TrackPointExtension>
						<ns3:speed>6.89</ns3:speed>
						<ns3:cad>0.0</ns3:cad>
						<ns3:hr>124</ns3:hr>
					</ns3:TrackPointExtension>
				</extensions>
			</trkpt>
			<trkpt lat="46.97306825" lon="5.87595521">
				<ele>753.29</ele>
				<time>2025-11-08T14:01:45Z</time>
				<extensions>
					<ns3:TrackPointExtension>
						<ns3:speed>6.99</ns3:speed>
						<ns3:cad>0.0</ns3:cad>
						<ns3:hr>124</ns3:hr>
					</ns3:TrackPointExtension>
				</extensions>
			</trkpt>
			<trkpt lat="46.97309158" lon="5.8760542">
				<ele>752.87</ele>
				<time>2025-11-08T14:01:46Z</time>
				<extensions>
					<ns3:TrackPointExtension>
						<ns3:speed>7.14</ns3:speed>
						<ns3:cad>0.0</ns3:cad>
						<ns3:hr>124</ns3:hr>
					</ns3:TrackPointExtension>
				</extensions>
			</trkpt>
			<trkpt lat="46.97310057" lon="5.87616386">
				<ele>752.46</ele>
				<time>2025-11-08T14:01:47Z</time>
				<extensions>
					<ns3:TrackPointExtension>
						<ns3:speed>7.29</ns3:speed>
						<ns3:cad>0.0</ns3:cad>
						<ns3:hr>124</ns3:hr>
					</ns3:TrackPointExtension>
				</extensions>
			</trkpt>
			<trkpt lat="46.97309291" lon="5.87628119">
				<ele>752.06</ele>
				<time>2025-11-08T14:01:48Z</time>
				<extensions>
					<ns3:TrackPointExtension>
						<ns3:speed>7.51</ns3:speed>
						<ns3:cad>0.0</ns3:cad>
						<ns3:hr>124</ns3:hr>
					</ns3:TrackPointExtension>
				</extensions>
			</trkpt>
			<trkpt lat="46.97307292" lon="5.87640185">
				<ele>751.69</ele>
				<time>2025-11-08T14:01:49Z</time>
				<extensions>
					<ns3:TrackPointExtension>
						<ns3:speed>7.69</ns3:speed>
						<ns3:cad>0.0</ns3:cad>
						<ns3:hr>124</ns3:hr>
					</ns3:TrackPointExtension>
				</extensions>
			</trkpt>
			<trkpt lat="46.97304693" lon="5.87652251">
				<ele>751.32</ele>
				<time>2025-11-08T14:01:50Z</time>
				<extensions>
					<ns3:TrackPointExtension>
						<ns3:speed>7.93</ns3:speed>
						<ns3:cad>0.0</ns3:cad>
						<ns3:hr>124</ns3:hr>
					</ns3:TrackPointExtension>
				</extensions>
			</trkpt>
			<trkpt lat="46.9730206" lon="5.87664084">
				<ele>750.92</ele>
				<time>2025-11-08T14:01:51Z</time>
				<extensions>
					<ns3:TrackPointExtension>
						<ns3:speed>8.19</ns3:speed>
						<ns3:cad>0.0</ns3:cad>
						<ns3:hr>124</ns3:hr>
					</ns3:TrackPointExtension>
				</extensions>
			</trkpt>
			<trkpt lat="46.97299727" lon="5.87675717">
				<ele>750.55</ele>
				<time>2025-11-08T14:01:52Z</time>
				<extensions>
					<ns3:TrackPointExtension>
						<ns3:speed>8.33</ns3:speed>
						<ns3:cad>0.0</ns3:cad>
						<ns3:hr>124</ns3:hr>
					</ns3:TrackPointExtension>
				</extensions>
			</trkpt>
			<trkpt lat="46.97298128" lon="5.8768715">
				<ele>750.21</ele>
				<time>2025-11-08T14:01:53Z</time>
				<extensions>
					<ns3:TrackPointExtension>
						<ns3:speed>8.33</ns3:speed>
						<ns3:cad>0.0</ns3:cad>
						<ns3:hr>125</ns3:hr>
					</ns3:TrackPointExtension>
				</extensions>
			</trkpt>
			<trkpt lat="46.97297528" lon="5.8769835">
				<ele>749.81</ele>
				<time>2025-11-08T14:01:54Z</time>
				<extensions>
					<ns3:TrackPointExtension>
						<ns3:speed>8.33</ns3:speed>
						<ns3:cad>0.0</ns3:cad>
						<ns3:hr>125</ns3:hr>
					</ns3:TrackPointExtension>
				</extensions>
			</trkpt>
			<trkpt lat="46.97297961" lon="5.8770875">
				<ele>749.27</ele>
				<time>2025-11-08T14:01:55Z</time>
				<extensions>
					<ns3:TrackPointExtension>
						<ns3:speed>8.33</ns3:speed>
						<ns3:cad>0.0</ns3:cad>
						<ns3:hr>125</ns3:hr>
					</ns3:TrackPointExtension>
				</extensions>
			</trkpt>
			<trkpt lat="46.97299494" lon="5.87717849">
				<ele>748.55</ele>
				<time>2025-11-08T14:01:56Z</time>
				<extensions>
					<ns3:TrackPointExtension>
						<ns3:speed>8.26</ns3:speed>
						<ns3:cad>0.0</ns3:cad>
						<ns3:hr>126</ns3:hr>
					</ns3:TrackPointExtension>
				</extensions>
			</trkpt>
			<trkpt lat="46.97302194" lon="5.87725015">
				<ele>747.72</ele>
				<time>2025-11-08T14:01:57Z</time>
				<extensions>
					<ns3:TrackPointExtension>
						<ns3:speed>8.13</ns3:speed>
						<ns3:cad>0.0</ns3:cad>
						<ns3:hr>126</ns3:hr>
					</ns3:TrackPointExtension>
				</extensions>
			</trkpt>
			<trkpt lat="46.9730596" lon="5.87729481">
				<ele>746.85</ele>
				<time>2025-11-08T14:01:58Z</time>
				<extensions>
					<ns3:TrackPointExtension>
						<ns3:speed>7.93</ns3:speed>
						<ns3:cad>0.0</ns3:cad>
						<ns3:hr>126</ns3:hr>
					</ns3:TrackPointExtension>
				</extensions>
			</trkpt>
			<trkpt lat="46.97310426" lon="5.87729481">
				<ele>745.97</ele>
				<time>2025-11-08T14:01:59Z</time>
				<extensions>
					<ns3:TrackPointExtension>
						<ns3:speed>7.69</ns3:speed>
						<ns3:cad>0.0</ns3:cad>
						<ns3:hr>126</ns3:hr>
					</ns3:TrackPointExtension>
				</extensions>
			</trkpt>
			<trkpt lat="46.97314959" lon="5.87726015">
				<ele>745.23</ele>
				<time>2025-11-08T14:02:00Z</time>
				<extensions>
					<ns3:TrackPointExtension>
						<ns3:speed>7.4</ns3:speed>
						<ns3:cad>0.0</ns3:cad>
						<ns3:hr>125</ns3:hr>
					</ns3:TrackPointExtension>
				</extensions>
			</trkpt>
			<trkpt lat="46.97319359" lon="5.87721016">
				<ele>744.62</ele>
				<time>2025-11-08T14:02:01Z</time>
				<extensions>
					<ns3:TrackPointExtension>
						<ns3:speed>7.14</ns3:speed>
						<ns3:cad>0.0</ns3:cad>
						<ns3:hr>125</ns3:hr>
					</ns3:TrackPointExtension>
				</extensions>
			</trkpt>
			<trkpt lat="46.97323792" lon="5.8771555">
				<ele>744.03</ele>
				<time>2025-11-08T14:02:02Z</time>
				<extensions>
					<ns3:TrackPointExtension>
						<ns3:speed>6.94</ns3:speed>
						<ns3:cad>0.0</ns3:cad>
						<ns3:hr>124</ns3:hr>
					</ns3:TrackPointExtension>
				</extensions>
			</trkpt>
			<trkpt lat="46.97328258" lon="5.87709517">
				<ele>743.51</ele>
				<time>2025-11-08T14:02:03Z</time>
				<extensions>
					<ns3:TrackPointExtension>
						<ns3:speed>6.8</ns3:speed>
						<ns3:cad>0.0</ns3:cad>
						<ns3:hr>124</ns3:hr>
					</ns3:TrackPointExtension>
				</extensions>
			</trkpt>
			<trkpt lat="46.97332458" lon="5.87702584">
				<ele>742.94</ele>
				<time>2025-11-08T14:02:04Z</time>
				<extensions>
					<ns3:TrackPointExtension>
						<ns3:speed>6.71</ns3:speed>
						<ns3:cad>0.0</ns3:cad>
						<ns3:hr>124</ns3:hr>
					</ns3:TrackPointExtension>
				</extensions>
			</trkpt>
			<trkpt lat="46.97336324" lon="5.87695018">
				<ele>742.25</ele>
				<time>2025-11-08T14:02:05Z</time>
				<extensions>
					<ns3:TrackPointExtension>
						<ns3:speed>6.71</ns3:speed>
						<ns3:cad>0.0</ns3:cad>
						<ns3:hr>125</ns3:hr>
					</ns3:TrackPointExtension>
				</extensions>
			</trkpt>
			<trkpt lat="46.97339957" lon="5.87687385">
				<ele>741.52</ele>
				<time>2025-11-08T14:02:06Z</time>
				<extensions>
					<ns3:TrackPointExtension>
						<ns3:speed>6.71</ns3:speed>
						<ns3:cad>0.0</ns3:cad>
						<ns3:hr>125</ns3:hr>
					</ns3:TrackPointExtension>
				</extensions>
			</trkpt>
			<trkpt lat="46.9734359" lon="5.87680119">
				<ele>740.7</ele>
				<time>2025-11-08T14:02:07Z</time>
				<extensions>
					<ns3:TrackPointExtension>
						<ns3:speed>6.71</ns3:speed>
						<ns3:cad>0.0</ns3:cad>
						<ns3:hr>125</ns3:hr>
					</ns3:TrackPointExtension>
				</extensions>
			</trkpt>
			<trkpt lat="46.9734739" lon="5.87672986">
				<ele>740.01</ele>
				<time>2025-11-08T14:02:08Z</time>
				<extensions>
					<ns3:TrackPointExtension>
						<ns3:speed>6.66</ns3:speed>
						<ns3:cad>0.0</ns3:cad>
						<ns3:hr>125</ns3:hr>
					</ns3:TrackPointExtension>
				</extensions>
			</trkpt>
			<trkpt lat="46.97351223" lon="5.87665586">
				<ele>739.28</ele>
				<time>2025-11-08T14:02:09Z</time>
				<extensions>
					<ns3:TrackPointExtension>
						<ns3:speed>6.62</ns3:speed>
						<ns3:cad>0.0</ns3:cad>
						<ns3:hr>125</ns3:hr>
					</ns3:TrackPointExtension>
				</extensions>
			</trkpt>
			<trkpt lat="46.97354989" lon="5.8765762">
				<ele>738.51</ele>
				<time>2025-11-08T14:02:10Z</time>
				<extensions>
					<ns3:TrackPointExtension>
						<ns3:speed>6.66</ns3:speed>
						<ns3:cad>0.0</ns3:cad>
						<ns3:hr>125</ns3:hr>
					</ns3:TrackPointExtension>
				</extensions>
			</trkpt>
			<trkpt lat="46.97358488" lon="5.87649054">
				<ele>737.63</ele>
				<time>2025-11-08T14:02:11Z</time>
				<extensions>
					<ns3:TrackPointExtension>
						<ns3:speed>6.71</ns3:speed>
						<ns3:cad>0.0</ns3:cad>
						<ns3:hr>126</ns3:hr>
					</ns3:TrackPointExtension>
				</extensions>
			</trkpt>
			<trkpt lat="46.97361587" lon="5.87640221">
				<ele>736.64</ele>
				<time>2025-11-08T14:02:12Z</time>
				<extensions>
					<ns3:TrackPointExtension>
						<ns3:speed>6.8</ns3:speed>
						<ns3:cad>0.0</ns3:cad>
						<ns3:hr>127</ns3:hr>
					</ns3:TrackPointExtension>
				</extensions>
			</trkpt>
			<trkpt lat="46.9736412" lon="5.87631255">
				<ele>735.64</ele>
				<time>2025-11-08T14:02:13Z</time>
				<extensions>
					<ns3:TrackPointExtension>
						<ns3:speed>6.89</ns3:speed>
						<ns3:cad>0.0</ns3:cad>
						<ns3:hr>128</ns3:hr>
					</ns3:TrackPointExtension>
				</extensions>
			</trkpt>
			<trkpt lat="46.97365953" lon="5.87622089">
				<ele>734.64</ele>
				<time>2025-11-08T14:02:14Z</time>
				<extensions>
					<ns3:TrackPointExtension>
						<ns3:speed>6.89</ns3:speed>
						<ns3:cad>0.0</ns3:cad>
						<ns3:hr>127</ns3:hr>
					</ns3:TrackPointExtension>
				</extensions>
			</trkpt>
			<trkpt lat="46.97367286" lon="5.87612389">
				<ele>733.78</ele>
				<time>2025-11-08T14:02:15Z</time>
				<extensions>
					<ns3:TrackPointExtension>
						<ns3:speed>6.94</ns3:speed>
						<ns3:cad>0.0</ns3:cad>
						<ns3:hr>125</ns3:hr>
					</ns3:TrackPointExtension>
				</extensions>
			</trkpt>
			<trkpt lat="46.97368286" lon="5.87602089">
				<ele>732.84</ele>
				<time>2025-11-08T14:02:16Z</time>
				<extensions>
					<ns3:TrackPointExtension>
						<ns3:speed>6.99</ns3:speed>
						<ns3:cad>0.0</ns3:cad>
						<ns3:hr>124</ns3:hr>
					</ns3:TrackPointExtension>
				</extensions>
			</trkpt>
			<trkpt lat="46.97369019" lon="5.87591323">
				<ele>731.85</ele>
				<time>2025-11-08T14:02:17Z</time>
				<extensions>
					<ns3:TrackPointExtension>
						<ns3:speed>7.09</ns3:speed>
						<ns3:cad>0.0</ns3:cad>
						<ns3:hr>123</ns3:hr>
					</ns3:TrackPointExtension>
				</extensions>
			</trkpt>
			<trkpt lat="46.97369352" lon="5.87580257">
				<ele>730.83</ele>
				<time>2025-11-08T14:02:18Z</time>
				<extensions>
					<ns3:TrackPointExtension>
						<ns3:speed>7.24</ns3:speed>
						<ns3:cad>0.0</ns3:cad>
						<ns3:hr>123</ns3:hr>
					</ns3:TrackPointExtension>
				</extensions>
			</trkpt>
			<trkpt lat="46.97369186" lon="5.87569091">
				<ele>729.83</ele>
				<time>2025-11-08T14:02:19Z</time>
				<extensions>
					<ns3:TrackPointExtension>
						<ns3:speed>7.35</ns3:speed>
						<ns3:cad>0.0</ns3:cad>
						<ns3:hr>123</ns3:hr>
					</ns3:TrackPointExtension>
				</extensions>
			</trkpt>
			<trkpt lat="46.9736842" lon="5.87557858">
				<ele>728.93</ele>
				<time>2025-11-08T14:02:20Z</time>
				<extensions>
					<ns3:TrackPointExtension>
						<ns3:speed>7.46</ns3:speed>
						<ns3:cad>0.0</ns3:cad>
						<ns3:hr>123</ns3:hr>
					</ns3:TrackPointExtension>
				</extensions>
			</trkpt>
			<trkpt lat="46.97367087" lon="5.87546525">
				<ele>727.98</ele>
				<time>2025-11-08T14:02:21Z</time>
				<extensions>
					<ns3:TrackPointExtension>
						<ns3:speed>7.57</ns3:speed>
						<ns3:cad>0.0</ns3:cad>
						<ns3:hr>123</ns3:hr>
					</ns3:TrackPointExtension>
				</extensions>
			</trkpt>
			<trkpt lat="46.97365354" lon="5.87535059">
				<ele>727.19</ele>
				<time>2025-11-08T14:02:22Z</time>
				<extensions>
					<ns3:TrackPointExtension>
						<ns3:speed>7.69</ns3:speed>
						<ns3:cad>0.0</ns3:cad>
						<ns3:hr>123</ns3:hr>
					</ns3:TrackPointExtension>
				</extensions>
			</trkpt>
			<trkpt lat="46.97363321" lon="5.87523493">
				<ele>726.47</ele>
				<time>2025-11-08T14:02:23Z</time>
				<extensions>
					<ns3:TrackPointExtension>
						<ns3:speed>7.87</ns3:speed>
						<ns3:cad>0.0</ns3:cad>
						<ns3:hr>122</ns3:hr>
					</ns3:TrackPointExtension>
				</extensions>
			</trkpt>
			<trkpt lat="46.97361055" lon="5.87512027">
				<ele>725.81</ele>
				<time>2025-11-08T14:02:24Z</time>
				<extensions>
					<ns3:TrackPointExtension>
						<ns3:speed>8.0</ns3:speed>
						<ns3:cad>0.0</ns3:cad>
						<ns3:hr>123</ns3:hr>
					</ns3:TrackPointExtension>
				</extensions>
			</trkpt>
			<trkpt lat="46.97358456" lon="5.87500761">
				<ele>725.24</ele>
				<time>2025-11-08T14:02:25Z</time>
				<extensions>
					<ns3:TrackPointExtension>
						<ns3:speed>8.06</ns3:speed>
						<ns3:cad>0.0</ns3:cad>
						<ns3:hr>124</ns3:hr>
					</ns3:TrackPointExtension>
				</extensions>
			</trkpt>
			<trkpt lat="46.9735559" lon="5.87489695">
				<ele>724.68</ele>
				<time>2025-11-08T14:02:26Z</time>
				<extensions>
					<ns3:TrackPointExtension>
						<ns3:speed>8.19</ns3:speed>
						<ns3:cad>0.0</ns3:cad>
						<ns3:hr>125</ns3:hr>
					</ns3:TrackPointExtension>
				</extensions>
			</trkpt>
			<trkpt lat="46.97352324" lon="5.87478962">
				<ele>724.19</ele>
				<time>2025-11-08T14:02:27Z</time>
				<extensions>
					<ns3:TrackPointExtension>
						<ns3:speed>8.26</ns3:speed>
						<ns3:cad>0.0</ns3:cad>
						<ns3:hr>125</ns3:hr>
					</ns3:TrackPointExtension>
				</extensions>
			</trkpt>
			<trkpt lat="46.97348625" lon="5.87468662">
				<ele>723.71</ele>
				<time>2025-11-08T14:02:28Z</time>
				<extensions>
					<ns3:TrackPointExtension>
						<ns3:speed>8.33</ns3:speed>
						<ns3:cad>0.0</ns3:cad>
						<ns3:hr>125</ns3:hr>
					</ns3:TrackPointExtension>
				</extensions>
			</trkpt>
			<trkpt lat="46.97344559" lon="5.87458663">
				<ele>723.28</ele>
				<time>2025-11-08T14:02:29Z</time>
				<extensions>
					<ns3:TrackPointExtension>
						<ns3:speed>8.33</ns3:speed>
						<ns3:cad>0.0</ns3:cad>
						<ns3:hr>125</ns3:hr>
					</ns3:TrackPointExtension>
				</extensions>
			</trkpt>
			<trkpt lat="46.97340159" lon="5.87448797">
				<ele>722.79</ele>
				<time>2025-11-08T14:02:30Z</time>
				<extensions>
					<ns3:TrackPointExtension>
						<ns3:speed>8.4</ns3:speed>
						<ns3:cad>0.0</ns3:cad>
						<ns3:hr>124</ns3:hr>
					</ns3:TrackPointExtension>
				</extensions>
			</trkpt>
			<trkpt lat="46.97335393" lon="5.87439097">
				<ele>722.22</ele>
				<time>2025-11-08T14:02:31Z</time>
				<extensions>
					<ns3:TrackPointExtension>
						<ns3:speed>8.47</ns3:speed>
						<ns3:cad>0.0</ns3:cad>
						<ns3:hr>124</ns3:hr>
					</ns3:TrackPointExtension>
				</extensions>
			</trkpt>
			<trkpt lat="46.97330227" lon="5.87429397">
				<ele>721.54</ele>
				<time>2025-11-08T14:02:32Z</time>
				<extensions>
					<ns3:TrackPointExtension>
						<ns3:speed>8.54</ns3:speed>
						<ns3:cad>0.0</ns3:cad>
						<ns3:hr>124</ns3:hr>
					</ns3:TrackPointExtension>
				</extensions>
			</trkpt>
			<trkpt lat="46.97324594" lon="5.87419831">
				<ele>720.72</ele>
				<time>2025-11-08T14:02:33Z</time>
				<extensions>
					<ns3:TrackPointExtension>
						<ns3:speed>8.62</ns3:speed>
						<ns3:cad>0.0</ns3:cad>
						<ns3:hr>124</ns3:hr>
					</ns3:TrackPointExtension>
				</extensions>
			</trkpt>
			<trkpt lat="46.97318661" lon="5.87410432">
				<ele>719.75</ele>
				<time>2025-11-08T14:02:34Z</time>
				<extensions>
					<ns3:TrackPointExtension>
						<ns3:speed>8.77</ns3:speed>
						<ns3:cad>0.0</ns3:cad>
						<ns3:hr>124</ns3:hr>
					</ns3:TrackPointExtension>
				</extensions>
			</trkpt>
			<trkpt lat="46.97312561" lon="5.87401266">
				<ele>719.75</ele>
				<time>2025-11-08T14:02:35Z</time>
				<extensions>
					<ns3:TrackPointExtension>
						<ns3:speed>8.84</ns3:speed>
						<ns3:cad>0.0</ns3:cad>
						<ns3:hr>124</ns3:hr>
					</ns3:TrackPointExtension>
				</extensions>
			</trkpt>
			<trkpt lat="46.97306528" lon="5.87392233">
				<ele>717.63</ele>
				<time>2025-11-08T14:02:36Z</time>
				<extensions>
					<ns3:TrackPointExtension>
						<ns3:speed>8.92</ns3:speed>
						<ns3:cad>0.0</ns3:cad>
						<ns3:hr>124</ns3:hr>
					</ns3:TrackPointExtension>
				</extensions>
			</trkpt>
			<trkpt lat="46.97300462" lon="5.87383">
				<ele>717.63</ele>
				<time>2025-11-08T14:02:37Z</time>
				<extensions>
					<ns3:TrackPointExtension>
						<ns3:speed>9.0</ns3:speed>
						<ns3:cad>0.0</ns3:cad>
						<ns3:hr>125</ns3:hr>
					</ns3:TrackPointExtension>
				</extensions>
			</trkpt>
			<trkpt lat="46.97294662" lon="5.87373534">
				<ele>716.51</ele>
				<time>2025-11-08T14:02:38Z</time>
				<extensions>
					<ns3:TrackPointExtension>
						<ns3:speed>9.09</ns3:speed>
						<ns3:cad>0.0</ns3:cad>
						<ns3:hr>125</ns3:hr>
					</ns3:TrackPointExtension>
				</extensions>
			</trkpt>
			<trkpt lat="46.97289029" lon="5.87363934">
				<ele>715.34</ele>
				<time>2025-11-08T14:02:39Z</time>
				<extensions>
					<ns3:TrackPointExtension>
						<ns3:speed>9.17</ns3:speed>
						<ns3:cad>0.0</ns3:cad>
						<ns3:hr>125</ns3:hr>
					</ns3:TrackPointExtension>
				</extensions>
			</trkpt>
			<trkpt lat="46.97283729" lon="5.87354301">
				<ele>714.17</ele>
				<time>2025-11-08T14:02:40Z</time>
				<extensions>
					<ns3:TrackPointExtension>
						<ns3:speed>9.17</ns3:speed>
						<ns3:cad>0.0</ns3:cad>
						<ns3:hr>124</ns3:hr>
					</ns3:TrackPointExtension>
				</extensions>
			</trkpt>
			<trkpt lat="46.9727863" lon="5.87344768">
				<ele>713.1</ele>
				<time>2025-11-08T14:02:41Z</time>
				<extensions>
					<ns3:TrackPointExtension>
						<ns3:speed>9.17</ns3:speed>
						<ns3:cad>0.0</ns3:cad>
						<ns3:hr>123</ns3:hr>
					</ns3:TrackPointExtension>
				</extensions>
			</trkpt>
			<trkpt lat="46.97273697" lon="5.87335535">
				<ele>712.18</ele>
				<time>2025-11-08T14:02:42Z</time>
				<extensions>
					<ns3:TrackPointExtension>
						<ns3:speed>9.17</ns3:speed>
						<ns3:cad>0.0</ns3:cad>
						<ns3:hr>124</ns3:hr>
					</ns3:TrackPointExtension>
				</extensions>
			</trkpt>
			<trkpt lat="46.97268864" lon="5.87326335">
				<ele>711.16</ele>
				<time>2025-11-08T14:02:43Z</time>
				<extensions>
					<ns3:TrackPointExtension>
						<ns3:speed>9.17</ns3:speed>
						<ns3:cad>0.0</ns3:cad>
						<ns3:hr>124</ns3:hr>
					</ns3:TrackPointExtension>
				</extensions>
			</trkpt>
			<trkpt lat="46.97264164" lon="5.87316936">
				<ele>710.12</ele>
				<time>2025-11-08T14:02:44Z</time>
				<extensions>
					<ns3:TrackPointExtension>
						<ns3:speed>9.09</ns3:speed>
						<ns3:cad>0.0</ns3:cad>
						<ns3:hr>124</ns3:hr>
					</ns3:TrackPointExtension>
				</extensions>
			</trkpt>
			<trkpt lat="46.97259464" lon="5.8730717">
				<ele>709.17</ele>
				<time>2025-11-08T14:02:45Z</time>
				<extensions>
					<ns3:TrackPointExtension>
						<ns3:speed>9.09</ns3:speed>
						<ns3:cad>0.0</ns3:cad>
						<ns3:hr>124</ns3:hr>
					</ns3:TrackPointExtension>
				</extensions>
			</trkpt>
			<trkpt lat="46.97254598" lon="5.87297304">
				<ele>708.17</ele>
				<time>2025-11-08T14:02:46Z</time>
				<extensions>
					<ns3:TrackPointExtension>
						<ns3:speed>9.09</ns3:speed>
						<ns3:cad>0.0</ns3:cad>
						<ns3:hr>124</ns3:hr>
					</ns3:TrackPointExtension>
				</extensions>
			</trkpt>
			<trkpt lat="46.97249532" lon="5.87287538">
				<ele>707.15</ele>
				<time>2025-11-08T14:02:47Z</time>
				<extensions>
					<ns3:TrackPointExtension>
						<ns3:speed>9.09</ns3:speed>
						<ns3:cad>0.0</ns3:cad>
						<ns3:hr>123</ns3:hr>
					</ns3:TrackPointExtension>
				</extensions>
			</trkpt>
			<trkpt lat="46.97244433" lon="5.87277705">
				<ele>706.07</ele>
				<time>2025-11-08T14:02:48Z</time>
				<extensions>
					<ns3:TrackPointExtension>
						<ns3:speed>9.17</ns3:speed>
						<ns3:cad>0.0</ns3:cad>
						<ns3:hr>122</ns3:hr>
					</ns3:TrackPointExtension>
				</extensions>
			</trkpt>
			<trkpt lat="46.97239367" lon="5.87267772">
				<ele>704.99</ele>
				<time>2025-11-08T14:02:49Z</time>
				<extensions>
					<ns3:TrackPointExtension>
						<ns3:speed>9.17</ns3:speed>
						<ns3:cad>0.0</ns3:cad>
						<ns3:hr>122</ns3:hr>
					</ns3:TrackPointExtension>
				</extensions>
			</trkpt>
			<trkpt lat="46.97234401" lon="5.87257606">
				<ele>703.92</ele>
				<time>2025-11-08T14:02:50Z</time>
				<extensions>
					<ns3:TrackPointExtension>
						<ns3:speed>9.25</ns3:speed>
						<ns3:cad>0.0</ns3:cad>
						<ns3:hr>121</ns3:hr>
					</ns3:TrackPointExtension>
				</extensions>
			</trkpt>
			<trkpt lat="46.97229401" lon="5.8724744">
				<ele>702.89</ele>
				<time>2025-11-08T14:02:51Z</time>
				<extensions>
					<ns3:TrackPointExtension>
						<ns3:speed>9.25</ns3:speed>
						<ns3:cad>0.0</ns3:cad>
						<ns3:hr>121</ns3:hr>
					</ns3:TrackPointExtension>
				</extensions>
			</trkpt>
			<trkpt lat="46.97224368" lon="5.8723754">
				<ele>701.85</ele>
				<time>2025-11-08T14:02:52Z</time>
				<extensions>
					<ns3:TrackPointExtension>
						<ns3:speed>9.34</ns3:speed>
						<ns3:cad>0.0</ns3:cad>
						<ns3:hr>121</ns3:hr>
					</ns3:TrackPointExtension>
				</extensions>
			</trkpt>
			<trkpt lat="46.97219268" lon="5.87227741">
				<ele>700.85</ele>
				<time>2025-11-08T14:02:53Z</time>
				<extensions>
					<ns3:TrackPointExtension>
						<ns3:speed>9.34</ns3:speed>
						<ns3:cad>0.0</ns3:cad>
						<ns3:hr>122</ns3:hr>
					</ns3:TrackPointExtension>
				</extensions>
			</trkpt>
			<trkpt lat="46.97214202" lon="5.87217708">
				<ele>699.83</ele>
				<time>2025-11-08T14:02:54Z</time>
				<extensions>
					<ns3:TrackPointExtension>
						<ns3:speed>9.34</ns3:speed>
						<ns3:cad>0.0</ns3:cad>
						<ns3:hr>122</ns3:hr>
					</ns3:TrackPointExtension>
				</extensions>
			</trkpt>
			<trkpt lat="46.97209236" lon="5.87207375">
				<ele>698.86</ele>
				<time>2025-11-08T14:02:55Z</time>
				<extensions>
					<ns3:TrackPointExtension>
						<ns3:speed>9.34</ns3:speed>
						<ns3:cad>0.0</ns3:cad>
						<ns3:hr>122</ns3:hr>
					</ns3:TrackPointExtension>
				</extensions>
			</trkpt>
			<trkpt lat="46.9720447" lon="5.87196775">
				<ele>697.91</ele>
				<time>2025-11-08T14:02:56Z</time>
				<extensions>
					<ns3:TrackPointExtension>
						<ns3:speed>9.43</ns3:speed>
						<ns3:cad>0.0</ns3:cad>
						<ns3:hr>122</ns3:hr>
					</ns3:TrackPointExtension>
				</extensions>
			</trkpt>
			<trkpt lat="46.97199671" lon="5.87186209">
				<ele>696.92</ele>
				<time>2025-11-08T14:02:57Z</time>
				<extensions>
					<ns3:TrackPointExtension>
						<ns3:speed>9.43</ns3:speed>
						<ns3:cad>0.0</ns3:cad>
						<ns3:hr>123</ns3:hr>
					</ns3:TrackPointExtension>
				</extensions>
			</trkpt>
			<trkpt lat="46.97194838" lon="5.87175876">
				<ele>695.91</ele>
				<time>2025-11-08T14:02:58Z</time>
				<extensions>
					<ns3:TrackPointExtension>
						<ns3:speed>9.52</ns3:speed>
						<ns3:cad>0.0</ns3:cad>
						<ns3:hr>124</ns3:hr>
					</ns3:TrackPointExtension>
				</extensions>
			</trkpt>
			<trkpt lat="46.97190072" lon="5.87165743">
				<ele>694.97</ele>
				<time>2025-11-08T14:02:59Z</time>
				<extensions>
					<ns3:TrackPointExtension>
						<ns3:speed>9.52</ns3:speed>
						<ns3:cad>0.0</ns3:cad>
						<ns3:hr>125</ns3:hr>
					</ns3:TrackPointExtension>
				</extensions>
			</trkpt>
			<trkpt lat="46.97185372" lon="5.87155644">
				<ele>694.04</ele>
				<time>2025-11-08T14:03:00Z</time>
				<extensions>
					<ns3:TrackPointExtension>
						<ns3:speed>9.43</ns3:speed>
						<ns3:cad>0.0</ns3:cad>
						<ns3:hr>124</ns3:hr>
					</ns3:TrackPointExtension>
				</extensions>
			</trkpt>
			<trkpt lat="46.97180739" lon="5.87145478">
				<ele>693.07</ele>
				<time>2025-11-08T14:03:01Z</time>
				<extensions>
					<ns3:TrackPointExtension>
						<ns3:speed>9.43</ns3:speed>
						<ns3:cad>0.0</ns3:cad>
						<ns3:hr>122</ns3:hr>
					</ns3:TrackPointExtension>
				</extensions>
			</trkpt>
			<trkpt lat="46.9717614" lon="5.87135212">
				<ele>692.09</ele>
				<time>2025-11-08T14:03:02Z</time>
				<extensions>
					<ns3:TrackPointExtension>
						<ns3:speed>9.43</ns3:speed>
						<ns3:cad>0.0</ns3:cad>
						<ns3:hr>122</ns3:hr>
					</ns3:TrackPointExtension>
				</extensions>
			</trkpt>
			<trkpt lat="46.97171541" lon="5.87125079">
				<ele>691.09</ele>
				<time>2025-11-08T14:03:03Z</time>
				<extensions>
					<ns3:TrackPointExtension>
						<ns3:speed>9.43</ns3:speed>
						<ns3:cad>0.0</ns3:cad>
						<ns3:hr>122</ns3:hr>
					</ns3:TrackPointExtension>
				</extensions>
			</trkpt>
			<trkpt lat="46.97166841" lon="5.87114846">
				<ele>690.07</ele>
				<time>2025-11-08T14:03:04Z</time>
				<extensions>
					<ns3:TrackPointExtension>
						<ns3:speed>9.43</ns3:speed>
						<ns3:cad>0.0</ns3:cad>
						<ns3:hr>122</ns3:hr>
					</ns3:TrackPointExtension>
				</extensions>
			</trkpt>
			<trkpt lat="46.97162008" lon="5.87104513">
				<ele>688.94</ele>
				<time>2025-11-08T14:03:05Z</time>
				<extensions>
					<ns3:TrackPointExtension>
						<ns3:speed>9.43</ns3:speed>
						<ns3:cad>0.0</ns3:cad>
						<ns3:hr>122</ns3:hr>
					</ns3:TrackPointExtension>
				</extensions>
			</trkpt>
			<trkpt lat="46.97157275" lon="5.87094047">
				<ele>687.87</ele>
				<time>2025-11-08T14:03:06Z</time>
				<extensions>
					<ns3:TrackPointExtension>
						<ns3:speed>9.43</ns3:speed>
						<ns3:cad>0.0</ns3:cad>
						<ns3:hr>121</ns3:hr>
					</ns3:TrackPointExtension>
				</extensions>
			</trkpt>
			<trkpt lat="46.97152676" lon="5.87083647">
				<ele>686.75</ele>
				<time>2025-11-08T14:03:07Z</time>
				<extensions>
					<ns3:TrackPointExtension>
						<ns3:speed>9.52</ns3:speed>
						<ns3:cad>0.0</ns3:cad>
						<ns3:hr>120</ns3:hr>
					</ns3:TrackPointExtension>
				</extensions>
			</trkpt>
			<trkpt lat="46.97148176" lon="5.87073447">
				<ele>685.64</ele>
				<time>2025-11-08T14:03:08Z</time>
				<extensions>
					<ns3:TrackPointExtension>
						<ns3:speed>9.52</ns3:speed>
						<ns3:cad>0.0</ns3:cad>
						<ns3:hr>122</ns3:hr>
					</ns3:TrackPointExtension>
				</extensions>
			</trkpt>
			<trkpt lat="46.97143743" lon="5.87063214">
				<ele>684.5</ele>
				<time>2025-11-08T14:03:09Z</time>
				<extensions>
					<ns3:TrackPointExtension>
						<ns3:speed>9.43</ns3:speed>
						<ns3:cad>0.0</ns3:cad>
						<ns3:hr>122</ns3:hr>
					</ns3:TrackPointExtension>
				</extensions>
			</trkpt>
			<trkpt lat="46.9713931" lon="5.87052815">
				<ele>683.26</ele>
				<time>2025-11-08T14:03:10Z</time>
				<extensions>
					<ns3:TrackPointExtension>
						<ns3:speed>9.43</ns3:speed>
						<ns3:cad>0.0</ns3:cad>
						<ns3:hr>122</ns3:hr>
					</ns3:TrackPointExtension>
				</extensions>
			</trkpt>
			<trkpt lat="46.97134844" lon="5.87042116">
				<ele>682.1</ele>
				<time>2025-11-08T14:03:11Z</time>
				<extensions>
					<ns3:TrackPointExtension>
						<ns3:speed>9.43</ns3:speed>
						<ns3:cad>0.0</ns3:cad>
						<ns3:hr>123</ns3:hr>
					</ns3:TrackPointExtension>
				</extensions>
			</trkpt>
			<trkpt lat="46.97130478" lon="5.8703125">
				<ele>681.02</ele>
				<time>2025-11-08T14:03:12Z</time>
				<extensions>
					<ns3:TrackPointExtension>
						<ns3:speed>9.52</ns3:speed>
						<ns3:cad>0.0</ns3:cad>
						<ns3:hr>123</ns3:hr>
					</ns3:TrackPointExtension>
				</extensions>
			</trkpt>
			<trkpt lat="46.97126212" lon="5.8702065">
				<ele>679.73</ele>
				<time>2025-11-08T14:03:13Z</time>
				<extensions>
					<ns3:TrackPointExtension>
						<ns3:speed>9.52</ns3:speed>
						<ns3:cad>0.0</ns3:cad>
						<ns3:hr>124</ns3:hr>
					</ns3:TrackPointExtension>
				</extensions>
			</trkpt>
			<trkpt lat="46.97121912" lon="5.87010251">
				<ele>678.46</ele>
				<time>2025-11-08T14:03:14Z</time>
				<extensions>
					<ns3:TrackPointExtension>
						<ns3:speed>9.52</ns3:speed>
						<ns3:cad>0.0</ns3:cad>
						<ns3:hr>124</ns3:hr>
					</ns3:TrackPointExtension>
				</extensions>
			</trkpt>
			<trkpt lat="46.97117513" lon="5.87000118">
				<ele>677.16</ele>
				<time>2025-11-08T14:03:15Z</time>
				<extensions>
					<ns3:TrackPointExtension>
						<ns3:speed>9.43</ns3:speed>
						<ns3:cad>0.0</ns3:cad>
						<ns3:hr>124</ns3:hr>
					</ns3:TrackPointExtension>
				</extensions>
			</trkpt>
			<trkpt lat="46.97113013" lon="5.86989952">
				<ele>675.96</ele>
				<time>2025-11-08T14:03:16Z</time>
				<extensions>
					<ns3:TrackPointExtension>
						<ns3:speed>9.43</ns3:speed>
						<ns3:cad>0.0</ns3:cad>
						<ns3:hr>124</ns3:hr>
					</ns3:TrackPointExtension>
				</extensions>
			</trkpt>
			<trkpt lat="46.9710848" lon="5.86979586">
				<ele>674.72</ele>
				<time>2025-11-08T14:03:17Z</time>
				<extensions>
					<ns3:TrackPointExtension>
						<ns3:speed>9.43</ns3:speed>
						<ns3:cad>0.0</ns3:cad>
						<ns3:hr>124</ns3:hr>
					</ns3:TrackPointExtension>
				</extensions>
			</trkpt>
			<trkpt lat="46.97103947" lon="5.86969153">
				<ele>673.45</ele>
				<time>2025-11-08T14:03:18Z</time>
				<extensions>
					<ns3:TrackPointExtension>
						<ns3:speed>9.43</ns3:speed>
						<ns3:cad>0.0</ns3:cad>
						<ns3:hr>124</ns3:hr>
					</ns3:TrackPointExtension>
				</extensions>
			</trkpt>
			<trkpt lat="46.97099414" lon="5.86958787">
				<ele>671.99</ele>
				<time>2025-11-08T14:03:19Z</time>
				<extensions>
					<ns3:TrackPointExtension>
						<ns3:speed>9.43</ns3:speed>
						<ns3:cad>0.0</ns3:cad>
						<ns3:hr>123</ns3:hr>
					</ns3:TrackPointExtension>
				</extensions>
			</trkpt>
			<trkpt lat="46.97094848" lon="5.86948487">
				<ele>670.47</ele>
				<time>2025-11-08T14:03:20Z</time>
				<extensions>
					<ns3:TrackPointExtension>
						<ns3:speed>9.43</ns3:speed>
						<ns3:cad>0.0</ns3:cad>
						<ns3:hr>123</ns3:hr>
					</ns3:TrackPointExtension>
				</extensions>
			</trkpt>
			<trkpt lat="46.97090215" lon="5.86938187">
				<ele>669.12</ele>
				<time>2025-11-08T14:03:21Z</time>
				<extensions>
					<ns3:TrackPointExtension>
						<ns3:speed>9.43</ns3:speed>
						<ns3:cad>0.0</ns3:cad>
						<ns3:hr>123</ns3:hr>
					</ns3:TrackPointExtension>
				</extensions>
			</trkpt>
			<trkpt lat="46.97085715" lon="5.86927654">
				<ele>667.67</ele>
				<time>2025-11-08T14:03:22Z</time>
				<extensions>
					<ns3:TrackPointExtension>
						<ns3:speed>9.43</ns3:speed>
						<ns3:cad>0.0</ns3:cad>
						<ns3:hr>123</ns3:hr>
					</ns3:TrackPointExtension>
				</extensions>
			</trkpt>
			<trkpt lat="46.97081349" lon="5.86916888">
				<ele>666.16</ele>
				<time>2025-11-08T14:03:23Z</time>
				<extensions>
					<ns3:TrackPointExtension>
						<ns3:speed>9.43</ns3:speed>
						<ns3:cad>0.0</ns3:cad>
						<ns3:hr>122</ns3:hr>
					</ns3:TrackPointExtension>
				</extensions>
			</trkpt>
			<trkpt lat="46.97076983" lon="5.86905988">
				<ele>664.72</ele>
				<time>2025-11-08T14:03:24Z</time>
				<extensions>
					<ns3:TrackPointExtension>
						<ns3:speed>9.52</ns3:speed>
						<ns3:cad>0.0</ns3:cad>
						<ns3:hr>122</ns3:hr>
					</ns3:TrackPointExtension>
				</extensions>
			</trkpt>
			<trkpt lat="46.9707265" lon="5.86895155">
				<ele>663.25</ele>
				<time>2025-11-08T14:03:25Z</time>
				<extensions>
					<ns3:TrackPointExtension>
						<ns3:speed>9.52</ns3:speed>
						<ns3:cad>0.0</ns3:cad>
						<ns3:hr>121</ns3:hr>
					</ns3:TrackPointExtension>
				</extensions>
			</trkpt>
			<trkpt lat="46.97068251" lon="5.86884222">
				<ele>661.69</ele>
				<time>2025-11-08T14:03:26Z</time>
				<extensions>
					<ns3:TrackPointExtension>
						<ns3:speed>9.52</ns3:speed>
						<ns3:cad>0.0</ns3:cad>
						<ns3:hr>121</ns3:hr>
					</ns3:TrackPointExtension>
				</extensions>
			</trkpt>
			<trkpt lat="46.97063785" lon="5.86873222">
				<ele>660.14</ele>
				<time>2025-11-08T14:03:27Z</time>
				<extensions>
					<ns3:TrackPointExtension>
						<ns3:speed>9.52</ns3:speed>
						<ns3:cad>0.0</ns3:cad>
						<ns3:hr>121</ns3:hr>
					</ns3:TrackPointExtension>
				</extensions>
			</trkpt>
			<trkpt lat="46.97059452" lon="5.86861989">
				<ele>658.6</ele>
				<time>2025-11-08T14:03:28Z</time>
				<extensions>
					<ns3:TrackPointExtension>
						<ns3:speed>9.61</ns3:speed>
						<ns3:cad>0.0</ns3:cad>
						<ns3:hr>122</ns3:hr>
					</ns3:TrackPointExtension>
				</extensions>
			</trkpt>
			<trkpt lat="46.97055119" lon="5.86850723">
				<ele>657.05</ele>
				<time>2025-11-08T14:03:29Z</time>
				<extensions>
					<ns3:TrackPointExtension>
						<ns3:speed>9.61</ns3:speed>
						<ns3:cad>0.0</ns3:cad>
						<ns3:hr>122</ns3:hr>
					</ns3:TrackPointExtension>
				</extensions>
			</trkpt>
			<trkpt lat="46.97050853" lon="5.86839524">
				<ele>655.5</ele>
				<time>2025-11-08T14:03:30Z</time>
				<extensions>
					<ns3:TrackPointExtension>
						<ns3:speed>9.61</ns3:speed>
						<ns3:cad>0.0</ns3:cad>
						<ns3:hr>122</ns3:hr>
					</ns3:TrackPointExtension>
				</extensions>
			</trkpt>
			<trkpt lat="46.97046487" lon="5.86828458">
				<ele>653.92</ele>
				<time>2025-11-08T14:03:31Z</time>
				<extensions>
					<ns3:TrackPointExtension>
						<ns3:speed>9.7</ns3:speed>
						<ns3:cad>0.0</ns3:cad>
						<ns3:hr>122</ns3:hr>
					</ns3:TrackPointExtension>
				</extensions>
			</trkpt>
			<trkpt lat="46.97042088" lon="5.86817358">
				<ele>652.4</ele>
				<time>2025-11-08T14:03:32Z</time>
				<extensions>
					<ns3:TrackPointExtension>
						<ns3:speed>9.7</ns3:speed>
						<ns3:cad>0.0</ns3:cad>
						<ns3:hr>122</ns3:hr>
					</ns3:TrackPointExtension>
				</extensions>
			</trkpt>
			<trkpt lat="46.97037722" lon="5.86806025">
				<ele>650.9</ele>
				<time>2025-11-08T14:03:33Z</time>
				<extensions>
					<ns3:TrackPointExtension>
						<ns3:speed>9.7</ns3:speed>
						<ns3:cad>0.0</ns3:cad>
						<ns3:hr>122</ns3:hr>
					</ns3:TrackPointExtension>
				</extensions>
			</trkpt>
			<trkpt lat="46.97033356" lon="5.86794425">
				<ele>649.38</ele>
				<time>2025-11-08T14:03:34Z</time>
				<extensions>
					<ns3:TrackPointExtension>
						<ns3:speed>9.7</ns3:speed>
						<ns3:cad>0.0</ns3:cad>
						<ns3:hr>122</ns3:hr>
					</ns3:TrackPointExtension>
				</extensions>
			</trkpt>
			<trkpt lat="46.97029056" lon="5.86782659">
				<ele>647.86</ele>
				<time>2025-11-08T14:03:35Z</time>
				<extensions>
					<ns3:TrackPointExtension>
						<ns3:speed>9.8</ns3:speed>
						<ns3:cad>0.0</ns3:cad>
						<ns3:hr>122</ns3:hr>
					</ns3:TrackPointExtension>
				</extensions>
			</trkpt>
			<trkpt lat="46.97024957" lon="5.86770993">
				<ele>646.24</ele>
				<time>2025-11-08T14:03:36Z</time>
				<extensions>
					<ns3:TrackPointExtension>
						<ns3:speed>9.8</ns3:speed>
						<ns3:cad>0.0</ns3:cad>
						<ns3:hr>122</ns3:hr>
					</ns3:TrackPointExtension>
				</extensions>
			</trkpt>
			<trkpt lat="46.97020958" lon="5.8675956">
				<ele>644.53</ele>
				<time>2025-11-08T14:03:37Z</time>
				<extensions>
					<ns3:TrackPointExtension>
						<ns3:speed>9.9</ns3:speed>
						<ns3:cad>0.0</ns3:cad>
						<ns3:hr>123</ns3:hr>
					</ns3:TrackPointExtension>
				</extensions>
			</trkpt>
			<trkpt lat="46.97017025" lon="5.86748127">
				<ele>642.83</ele>
				<time>2025-11-08T14:03:38Z</time>
				<extensions>
					<ns3:TrackPointExtension>
						<ns3:speed>9.9</ns3:speed>
						<ns3:cad>0.0</ns3:cad>
						<ns3:hr>123</ns3:hr>
					</ns3:TrackPointExtension>
				</extensions>
			</trkpt>
			<trkpt lat="46.97013125" lon="5.86736561">
				<ele>641.12</ele>
				<time>2025-11-08T14:03:39Z</time>
				<extensions>
					<ns3:TrackPointExtension>
						<ns3:speed>9.8</ns3:speed>
						<ns3:cad>0.0</ns3:cad>
						<ns3:hr>123</ns3:hr>
					</ns3:TrackPointExtension>
				</extensions>
			</trkpt>
			<trkpt lat="46.97009126" lon="5.86724961">
				<ele>639.4</ele>
				<time>2025-11-08T14:03:40Z</time>
				<extensions>
					<ns3:TrackPointExtension>
						<ns3:speed>9.8</ns3:speed>
						<ns3:cad>0.0</ns3:cad>
						<ns3:hr>123</ns3:hr>
					</ns3:TrackPointExtension>
				</extensions>
			</trkpt>
			<trkpt lat="46.97004926" lon="5.86713461">
				<ele>637.64</ele>
				<time>2025-11-08T14:03:41Z</time>
				<extensions>
					<ns3:TrackPointExtension>
						<ns3:speed>9.9</ns3:speed>
						<ns3:cad>0.0</ns3:cad>
						<ns3:hr>123</ns3:hr>
					</ns3:TrackPointExtension>
				</extensions>
			</trkpt>
			<trkpt lat="46.9700056" lon="5.86702095">
				<ele>635.8</ele>
				<time>2025-11-08T14:03:42Z</time>
				<extensions>
					<ns3:TrackPointExtension>
						<ns3:speed>9.9</ns3:speed>
						<ns3:cad>0.0</ns3:cad>
						<ns3:hr>123</ns3:hr>
					</ns3:TrackPointExtension>
				</extensions>
			</trkpt>
			<trkpt lat="46.9699586" lon="5.86690862">
				<ele>633.96</ele>
				<time>2025-11-08T14:03:43Z</time>
				<extensions>
					<ns3:TrackPointExtension>
						<ns3:speed>9.9</ns3:speed>
						<ns3:cad>0.0</ns3:cad>
						<ns3:hr>122</ns3:hr>
					</ns3:TrackPointExtension>
				</extensions>
			</trkpt>
			<trkpt lat="46.96990694" lon="5.86679863">
				<ele>632.14</ele>
				<time>2025-11-08T14:03:44Z</time>
				<extensions>
					<ns3:TrackPointExtension>
						<ns3:speed>9.9</ns3:speed>
						<ns3:cad>0.0</ns3:cad>
						<ns3:hr>123</ns3:hr>
					</ns3:TrackPointExtension>
				</extensions>
			</trkpt>
			<trkpt lat="46.96984895" lon="5.8666913">
				<ele>630.24</ele>
				<time>2025-11-08T14:03:45Z</time>
				<extensions>
					<ns3:TrackPointExtension>
						<ns3:speed>10.0</ns3:speed>
						<ns3:cad>0.0</ns3:cad>
						<ns3:hr>123</ns3:hr>
					</ns3:TrackPointExtension>
				</extensions>
			</trkpt>
			<trkpt lat="46.96978195" lon="5.8665883">
				<ele>628.49</ele>
				<time>2025-11-08T14:03:46Z</time>
				<extensions>
					<ns3:TrackPointExtension>
						<ns3:speed>10.1</ns3:speed>
						<ns3:cad>0.0</ns3:cad>
						<ns3:hr>123</ns3:hr>
					</ns3:TrackPointExtension>
				</extensions>
			</trkpt>
			<trkpt lat="46.96970762" lon="5.86648864">
				<ele>626.71</ele>
				<time>2025-11-08T14:03:47Z</time>
				<extensions>
					<ns3:TrackPointExtension>
						<ns3:speed>10.2</ns3:speed>
						<ns3:cad>0.0</ns3:cad>
						<ns3:hr>122</ns3:hr>
					</ns3:TrackPointExtension>
				</extensions>
			</trkpt>
			<trkpt lat="46.96963129" lon="5.86638998">
				<ele>624.82</ele>
				<time>2025-11-08T14:03:48Z</time>
				<extensions>
					<ns3:TrackPointExtension>
						<ns3:speed>10.3</ns3:speed>
						<ns3:cad>0.0</ns3:cad>
						<ns3:hr>123</ns3:hr>
					</ns3:TrackPointExtension>
				</extensions>
			</trkpt>
			<trkpt lat="46.96955663" lon="5.86629032">
				<ele>622.92</ele>
				<time>2025-11-08T14:03:49Z</time>
				<extensions>
					<ns3:TrackPointExtension>
						<ns3:speed>10.52</ns3:speed>
						<ns3:cad>0.0</ns3:cad>
						<ns3:hr>123</ns3:hr>
					</ns3:TrackPointExtension>
				</extensions>
			</trkpt>
			<trkpt lat="46.96948397" lon="5.86618966">
				<ele>621.13</ele>
				<time>2025-11-08T14:03:50Z</time>
				<extensions>
					<ns3:TrackPointExtension>
						<ns3:speed>10.63</ns3:speed>
						<ns3:cad>0.0</ns3:cad>
						<ns3:hr>122</ns3:hr>
					</ns3:TrackPointExtension>
				</extensions>
			</trkpt>
			<trkpt lat="46.96941164" lon="5.86609266">
				<ele>619.62</ele>
				<time>2025-11-08T14:03:51Z</time>
				<extensions>
					<ns3:TrackPointExtension>
						<ns3:speed>10.75</ns3:speed>
						<ns3:cad>0.0</ns3:cad>
						<ns3:hr>123</ns3:hr>
					</ns3:TrackPointExtension>
				</extensions>
			</trkpt>
			<trkpt lat="46.96933798" lon="5.866003">
				<ele>618.37</ele>
				<time>2025-11-08T14:03:52Z</time>
				<extensions>
					<ns3:TrackPointExtension>
						<ns3:speed>10.75</ns3:speed>
						<ns3:cad>0.0</ns3:cad>
						<ns3:hr>123</ns3:hr>
					</ns3:TrackPointExtension>
				</extensions>
			</trkpt>
			<trkpt lat="46.96926399" lon="5.86592201">
				<ele>617.39</ele>
				<time>2025-11-08T14:03:53Z</time>
				<extensions>
					<ns3:TrackPointExtension>
						<ns3:speed>10.75</ns3:speed>
						<ns3:cad>0.0</ns3:cad>
						<ns3:hr>124</ns3:hr>
					</ns3:TrackPointExtension>
				</extensions>
			</trkpt>
			<trkpt lat="46.96918966" lon="5.86584668">
				<ele>616.77</ele>
				<time>2025-11-08T14:03:54Z</time>
				<extensions>
					<ns3:TrackPointExtension>
						<ns3:speed>10.75</ns3:speed>
						<ns3:cad>0.0</ns3:cad>
						<ns3:hr>124</ns3:hr>
					</ns3:TrackPointExtension>
				</extensions>
			</trkpt>
			<trkpt lat="46.96911367" lon="5.86577268">
				<ele>616.38</ele>
				<time>2025-11-08T14:03:55Z</time>
				<extensions>
					<ns3:TrackPointExtension>
						<ns3:speed>10.63</ns3:speed>
						<ns3:cad>0.0</ns3:cad>
						<ns3:hr>123</ns3:hr>
					</ns3:TrackPointExtension>
				</extensions>
			</trkpt>
			<trkpt lat="46.96903568" lon="5.86569935">
				<ele>616.23</ele>
				<time>2025-11-08T14:03:56Z</time>
				<extensions>
					<ns3:TrackPointExtension>
						<ns3:speed>10.52</ns3:speed>
						<ns3:cad>0.0</ns3:cad>
						<ns3:hr>122</ns3:hr>
					</ns3:TrackPointExtension>
				</extensions>
			</trkpt>
			<trkpt lat="46.96895335" lon="5.86563036">
				<ele>616.11</ele>
				<time>2025-11-08T14:03:57Z</time>
				<extensions>
					<ns3:TrackPointExtension>
						<ns3:speed>10.52</ns3:speed>
						<ns3:cad>0.0</ns3:cad>
						<ns3:hr>121</ns3:hr>
					</ns3:TrackPointExtension>
				</extensions>
			</trkpt>
			<trkpt lat="46.96886669" lon="5.86557103">
				<ele>616.0</ele>
				<time>2025-11-08T14:03:58Z</time>
				<extensions>
					<ns3:TrackPointExtension>
						<ns3:speed>10.52</ns3:speed>
						<ns3:cad>0.0</ns3:cad>
						<ns3:hr>119</ns3:hr>
					</ns3:TrackPointExtension>
				</extensions>
			</trkpt>
			<trkpt lat="46.96877703" lon="5.86552204">
				<ele>615.51</ele>
				<time>2025-11-08T14:03:59Z</time>
				<extensions>
					<ns3:TrackPointExtension>
						<ns3:speed>10.63</ns3:speed>
						<ns3:cad>0.0</ns3:cad>
						<ns3:hr>118</ns3:hr>
					</ns3:TrackPointExtension>
				</extensions>
			</trkpt>
			<trkpt lat="46.9686857" lon="5.86548138">
				<ele>614.88</ele>
				<time>2025-11-08T14:04:00Z</time>
				<extensions>
					<ns3:TrackPointExtension>
						<ns3:speed>10.63</ns3:speed>
						<ns3:cad>0.0</ns3:cad>
						<ns3:hr>118</ns3:hr>
					</ns3:TrackPointExtension>
				</extensions>
			</trkpt>
			<trkpt lat="46.96859537" lon="5.86544905">
				<ele>614.23</ele>
				<time>2025-11-08T14:04:01Z</time>
				<extensions>
					<ns3:TrackPointExtension>
						<ns3:speed>10.63</ns3:speed>
						<ns3:cad>0.0</ns3:cad>
						<ns3:hr>118</ns3:hr>
					</ns3:TrackPointExtension>
				</extensions>
			</trkpt>
			<trkpt lat="46.96850837" lon="5.86542506">
				<ele>613.56</ele>
				<time>2025-11-08T14:04:02Z</time>
				<extensions>
					<ns3:TrackPointExtension>
						<ns3:speed>10.63</ns3:speed>
						<ns3:cad>0.0</ns3:cad>
						<ns3:hr>117</ns3:hr>
					</ns3:TrackPointExtension>
				</extensions>
			</trkpt>
			<trkpt lat="46.96842371" lon="5.86541073">
				<ele>612.7</ele>
				<time>2025-11-08T14:04:03Z</time>
				<extensions>
					<ns3:TrackPointExtension>
						<ns3:speed>10.52</ns3:speed>
						<ns3:cad>0.0</ns3:cad>
						<ns3:hr>118</ns3:hr>
					</ns3:TrackPointExtension>
				</extensions>
			</trkpt>
			<trkpt lat="46.96833805" lon="5.86540107">
				<ele>611.84</ele>
				<time>2025-11-08T14:04:04Z</time>
				<extensions>
					<ns3:TrackPointExtension>
						<ns3:speed>10.41</ns3:speed>
						<ns3:cad>0.0</ns3:cad>
						<ns3:hr>118</ns3:hr>
					</ns3:TrackPointExtension>
				</extensions>
			</trkpt>
			<trkpt lat="46.96824939" lon="5.86539474">
				<ele>611.11</ele>
				<time>2025-11-08T14:04:05Z</time>
				<extensions>
					<ns3:TrackPointExtension>
						<ns3:speed>10.3</ns3:speed>
						<ns3:cad>0.0</ns3:cad>
						<ns3:hr>119</ns3:hr>
					</ns3:TrackPointExtension>
				</extensions>
			</trkpt>
			<trkpt lat="46.96815739" lon="5.86539441">
				<ele>610.28</ele>
				<time>2025-11-08T14:04:06Z</time>
				<extensions>
					<ns3:TrackPointExtension>
						<ns3:speed>10.3</ns3:speed>
						<ns3:cad>0.0</ns3:cad>
						<ns3:hr>119</ns3:hr>
					</ns3:TrackPointExtension>
				</extensions>
			</trkpt>
			<trkpt lat="46.9680664" lon="5.86540474">
				<ele>609.46</ele>
				<time>2025-11-08T14:04:07Z</time>
				<extensions>
					<ns3:TrackPointExtension>
						<ns3:speed>10.3</ns3:speed>
						<ns3:cad>0.0</ns3:cad>
						<ns3:hr>119</ns3:hr>
					</ns3:TrackPointExtension>
				</extensions>
			</trkpt>
			<trkpt lat="46.96798041" lon="5.86542907">
				<ele>608.63</ele>
				<time>2025-11-08T14:04:08Z</time>
				<extensions>
					<ns3:TrackPointExtension>
						<ns3:speed>10.3</ns3:speed>
						<ns3:cad>0.0</ns3:cad>
						<ns3:hr>120</ns3:hr>
					</ns3:TrackPointExtension>
				</extensions>
			</trkpt>
			<trkpt lat="46.96790175" lon="5.86546706">
				<ele>607.82</ele>
				<time>2025-11-08T14:04:09Z</time>
				<extensions>
					<ns3:TrackPointExtension>
						<ns3:speed>10.2</ns3:speed>
						<ns3:cad>0.0</ns3:cad>
						<ns3:hr>120</ns3:hr>
					</ns3:TrackPointExtension>
				</extensions>
			</trkpt>
			<trkpt lat="46.96783109" lon="5.86552572">
				<ele>606.78</ele>
				<time>2025-11-08T14:04:10Z</time>
				<extensions>
					<ns3:TrackPointExtension>
						<ns3:speed>10.1</ns3:speed>
						<ns3:cad>0.0</ns3:cad>
						<ns3:hr>119</ns3:hr>
					</ns3:TrackPointExtension>
				</extensions>
			</trkpt>
			<trkpt lat="46.96777176" lon="5.86559371">
				<ele>605.65</ele>
				<time>2025-11-08T14:04:11Z</time>
				<extensions>
					<ns3:TrackPointExtension>
						<ns3:speed>9.9</ns3:speed>
						<ns3:cad>0.0</ns3:cad>
						<ns3:hr>120</ns3:hr>
					</ns3:TrackPointExtension>
				</extensions>
			</trkpt>
			<trkpt lat="46.96772643" lon="5.86567437">
				<ele>604.52</ele>
				<time>2025-11-08T14:04:12Z</time>
				<extensions>
					<ns3:TrackPointExtension>
						<ns3:speed>9.9</ns3:speed>
						<ns3:cad>0.0</ns3:cad>
						<ns3:hr>120</ns3:hr>
					</ns3:TrackPointExtension>
				</extensions>
			</trkpt>
			<trkpt lat="46.96769644" lon="5.8657587">
				<ele>603.45</ele>
				<time>2025-11-08T14:04:13Z</time>
				<extensions>
					<ns3:TrackPointExtension>
						<ns3:speed>9.43</ns3:speed>
						<ns3:cad>0.0</ns3:cad>
						<ns3:hr>121</ns3:hr>
					</ns3:TrackPointExtension>
				</extensions>
			</trkpt>
			<trkpt lat="46.96768311" lon="5.8658447">
				<ele>602.4</ele>
				<time>2025-11-08T14:04:14Z</time>
				<extensions>
					<ns3:TrackPointExtension>
						<ns3:speed>9.09</ns3:speed>
						<ns3:cad>0.0</ns3:cad>
						<ns3:hr>122</ns3:hr>
					</ns3:TrackPointExtension>
				</extensions>
			</trkpt>
			<trkpt lat="46.96768311" lon="5.86592903">
				<ele>601.49</ele>
				<time>2025-11-08T14:04:15Z</time>
				<extensions>
					<ns3:TrackPointExtension>
						<ns3:speed>8.77</ns3:speed>
						<ns3:cad>0.0</ns3:cad>
						<ns3:hr>123</ns3:hr>
					</ns3:TrackPointExtension>
				</extensions>
			</trkpt>
			<trkpt lat="46.96769177" lon="5.86600469">
				<ele>600.59</ele>
				<time>2025-11-08T14:04:16Z</time>
				<extensions>
					<ns3:TrackPointExtension>
						<ns3:speed>8.47</ns3:speed>
						<ns3:cad>0.0</ns3:cad>
						<ns3:hr>124</ns3:hr>
					</ns3:TrackPointExtension>
				</extensions>
			</trkpt>
			<trkpt lat="46.96771377" lon="5.86606368">
				<ele>599.68</ele>
				<time>2025-11-08T14:04:17Z</time>
				<extensions>
					<ns3:TrackPointExtension>
						<ns3:speed>8.06</ns3:speed>
						<ns3:cad>0.0</ns3:cad>
						<ns3:hr>124</ns3:hr>
					</ns3:TrackPointExtension>
				</extensions>
			</trkpt>
			<trkpt lat="46.96774876" lon="5.86610901">
				<ele>598.68</ele>
				<time>2025-11-08T14:04:18Z</time>
				<extensions>
					<ns3:TrackPointExtension>
						<ns3:speed>7.69</ns3:speed>
						<ns3:cad>0.0</ns3:cad>
						<ns3:hr>123</ns3:hr>
					</ns3:TrackPointExtension>
				</extensions>
			</trkpt>
			<trkpt lat="46.96778809" lon="5.86614967">
				<ele>597.5</ele>
				<time>2025-11-08T14:04:19Z</time>
				<extensions>
					<ns3:TrackPointExtension>
						<ns3:speed>7.4</ns3:speed>
						<ns3:cad>0.0</ns3:cad>
						<ns3:hr>123</ns3:hr>
					</ns3:TrackPointExtension>
				</extensions>
			</trkpt>
			<trkpt lat="46.96783275" lon="5.866184">
				<ele>596.51</ele>
				<time>2025-11-08T14:04:20Z</time>
				<extensions>
					<ns3:TrackPointExtension>
						<ns3:speed>7.19</ns3:speed>
						<ns3:cad>0.0</ns3:cad>
						<ns3:hr>123</ns3:hr>
					</ns3:TrackPointExtension>
				</extensions>
			</trkpt>
			<trkpt lat="46.96788341" lon="5.86621199">
				<ele>595.44</ele>
				<time>2025-11-08T14:04:21Z</time>
				<extensions>
					<ns3:TrackPointExtension>
						<ns3:speed>7.09</ns3:speed>
						<ns3:cad>0.0</ns3:cad>
						<ns3:hr>123</ns3:hr>
					</ns3:TrackPointExtension>
				</extensions>
			</trkpt>
			<trkpt lat="46.96793607" lon="5.86623999">
				<ele>594.24</ele>
				<time>2025-11-08T14:04:22Z</time>
				<extensions>
					<ns3:TrackPointExtension>
						<ns3:speed>6.99</ns3:speed>
						<ns3:cad>0.0</ns3:cad>
						<ns3:hr>122</ns3:hr>
					</ns3:TrackPointExtension>
				</extensions>
			</trkpt>
			<trkpt lat="46.96798773" lon="5.86627698">
				<ele>592.88</ele>
				<time>2025-11-08T14:04:23Z</time>
				<extensions>
					<ns3:TrackPointExtension>
						<ns3:speed>6.94</ns3:speed>
						<ns3:cad>0.0</ns3:cad>
						<ns3:hr>121</ns3:hr>
					</ns3:TrackPointExtension>
				</extensions>
			</trkpt>
			<trkpt lat="46.96803706" lon="5.86632764">
				<ele>591.75</ele>
				<time>2025-11-08T14:04:24Z</time>
				<extensions>
					<ns3:TrackPointExtension>
						<ns3:speed>6.89</ns3:speed>
						<ns3:cad>0.0</ns3:cad>
						<ns3:hr>121</ns3:hr>
					</ns3:TrackPointExtension>
				</extensions>
			</trkpt>
			<trkpt lat="46.96808639" lon="5.86638664">
				<ele>590.74</ele>
				<time>2025-11-08T14:04:25Z</time>
				<extensions>
					<ns3:TrackPointExtension>
						<ns3:speed>6.94</ns3:speed>
						<ns3:cad>0.0</ns3:cad>
						<ns3:hr>122</ns3:hr>
					</ns3:TrackPointExtension>
				</extensions>
			</trkpt>
			<trkpt lat="46.96813438" lon="5.86644563">
				<ele>589.76</ele>
				<time>2025-11-08T14:04:26Z</time>
				<extensions>
					<ns3:TrackPointExtension>
						<ns3:speed>6.89</ns3:speed>
						<ns3:cad>0.0</ns3:cad>
						<ns3:hr>121</ns3:hr>
					</ns3:TrackPointExtension>
				</extensions>
			</trkpt>
			<trkpt lat="46.96818004" lon="5.86649763">
				<ele>588.71</ele>
				<time>2025-11-08T14:04:27Z</time>
				<extensions>
					<ns3:TrackPointExtension>
						<ns3:speed>6.8</ns3:speed>
						<ns3:cad>0.0</ns3:cad>
						<ns3:hr>121</ns3:hr>
					</ns3:TrackPointExtension>
				</extensions>
			</trkpt>
			<trkpt lat="46.9682217" lon="5.86654463">
				<ele>587.53</ele>
				<time>2025-11-08T14:04:28Z</time>
				<extensions>
					<ns3:TrackPointExtension>
						<ns3:speed>6.62</ns3:speed>
						<ns3:cad>0.0</ns3:cad>
						<ns3:hr>121</ns3:hr>
					</ns3:TrackPointExtension>
				</extensions>
			</trkpt>
			<trkpt lat="46.96826236" lon="5.86659229">
				<ele>586.34</ele>
				<time>2025-11-08T14:04:29Z</time>
				<extensions>
					<ns3:TrackPointExtension>
						<ns3:speed>6.45</ns3:speed>
						<ns3:cad>0.0</ns3:cad>
						<ns3:hr>121</ns3:hr>
					</ns3:TrackPointExtension>
				</extensions>
			</trkpt>
			<trkpt lat="46.96830402" lon="5.86664329">
				<ele>585.14</ele>
				<time>2025-11-08T14:04:30Z</time>
				<extensions>
					<ns3:TrackPointExtension>
						<ns3:speed>6.32</ns3:speed>
						<ns3:cad>0.0</ns3:cad>
						<ns3:hr>123</ns3:hr>
					</ns3:TrackPointExtension>
				</extensions>
			</trkpt>
			<trkpt lat="46.96834601" lon="5.86669495">
				<ele>583.9</ele>
				<time>2025-11-08T14:04:31Z</time>
				<extensions>
					<ns3:TrackPointExtension>
						<ns3:speed>6.25</ns3:speed>
						<ns3:cad>0.0</ns3:cad>
						<ns3:hr>123</ns3:hr>
					</ns3:TrackPointExtension>
				</extensions>
			</trkpt>
			<trkpt lat="46.96838767" lon="5.86674461">
				<ele>582.57</ele>
				<time>2025-11-08T14:04:32Z</time>
				<extensions>
					<ns3:TrackPointExtension>
						<ns3:speed>6.13</ns3:speed>
						<ns3:cad>0.0</ns3:cad>
						<ns3:hr>121</ns3:hr>
					</ns3:TrackPointExtension>
				</extensions>
			</trkpt>
			<trkpt lat="46.96842766" lon="5.86678961">
				<ele>581.17</ele>
				<time>2025-11-08T14:04:33Z</time>
				<extensions>
					<ns3:TrackPointExtension>
						<ns3:speed>5.98</ns3:speed>
						<ns3:cad>0.0</ns3:cad>
						<ns3:hr>121</ns3:hr>
					</ns3:TrackPointExtension>
				</extensions>
			</trkpt>
			<trkpt lat="46.96846466" lon="5.86682994">
				<ele>579.75</ele>
				<time>2025-11-08T14:04:34Z</time>
				<extensions>
					<ns3:TrackPointExtension>
						<ns3:speed>5.81</ns3:speed>
						<ns3:cad>0.0</ns3:cad>
						<ns3:hr>121</ns3:hr>
					</ns3:TrackPointExtension>
				</extensions>
			</trkpt>
			<trkpt lat="46.96849532" lon="5.86686727">
				<ele>578.33</ele>
				<time>2025-11-08T14:04:35Z</time>
				<extensions>
					<ns3:TrackPointExtension>
						<ns3:speed>5.61</ns3:speed>
						<ns3:cad>0.0</ns3:cad>
						<ns3:hr>119</ns3:hr>
					</ns3:TrackPointExtension>
				</extensions>
			</trkpt>
			<trkpt lat="46.96851698" lon="5.8669006">
				<ele>576.87</ele>
				<time>2025-11-08T14:04:36Z</time>
				<extensions>
					<ns3:TrackPointExtension>
						<ns3:speed>5.31</ns3:speed>
						<ns3:cad>0.0</ns3:cad>
						<ns3:hr>120</ns3:hr>
					</ns3:TrackPointExtension>
				</extensions>
			</trkpt>
			<trkpt lat="46.96853364" lon="5.86692793">
				<ele>575.52</ele>
				<time>2025-11-08T14:04:37Z</time>
				<extensions>
					<ns3:TrackPointExtension>
						<ns3:speed>4.92</ns3:speed>
						<ns3:cad>0.0</ns3:cad>
						<ns3:hr>119</ns3:hr>
					</ns3:TrackPointExtension>
				</extensions>
			</trkpt>
			<trkpt lat="46.9685413" lon="5.86695293">
				<ele>574.17</ele>
				<time>2025-11-08T14:04:38Z</time>
				<extensions>
					<ns3:TrackPointExtension>
						<ns3:speed>0.0</ns3:speed>
						<ns3:cad>0.0</ns3:cad>
						<ns3:hr>120</ns3:hr>
					</ns3:TrackPointExtension>
				</extensions>
			</trkpt>
			<trkpt lat="46.96854263" lon="5.86697592">
				<ele>573.01</ele>
				<time>2025-11-08T14:04:39Z</time>
				<extensions>
					<ns3:TrackPointExtension>
						<ns3:speed>0.0</ns3:speed>
						<ns3:cad>0.0</ns3:cad>
						<ns3:hr>120</ns3:hr>
					</ns3:TrackPointExtension>
				</extensions>
			</trkpt>
			<trkpt lat="46.9685393" lon="5.86699291">
				<ele>572.03</ele>
				<time>2025-11-08T14:04:40Z</time>
				<extensions>
					<ns3:TrackPointExtension>
						<ns3:speed>0.0</ns3:speed>
						<ns3:cad>0.0</ns3:cad>
						<ns3:hr>120</ns3:hr>
					</ns3:TrackPointExtension>
				</extensions>
			</trkpt>
			<trkpt lat="46.96853531" lon="5.86700591">
				<ele>571.19</ele>
				<time>2025-11-08T14:04:41Z</time>
				<extensions>
					<ns3:TrackPointExtension>
						<ns3:speed>0.0</ns3:speed>
						<ns3:cad>0.0</ns3:cad>
						<ns3:hr>119</ns3:hr>
					</ns3:TrackPointExtension>
				</extensions>
			</trkpt>
			<trkpt lat="46.96853298" lon="5.86701424">
				<ele>570.52</ele>
				<time>2025-11-08T14:04:42Z</time>
				<extensions>
					<ns3:TrackPointExtension>
						<ns3:speed>0.0</ns3:speed>
						<ns3:cad>0.0</ns3:cad>
						<ns3:hr>119</ns3:hr>
					</ns3:TrackPointExtension>
				</extensions>
			</trkpt>
			<trkpt lat="46.96853232" lon="5.86701857">
				<ele>569.96</ele>
				<time>2025-11-08T14:04:43Z</time>
				<extensions>
					<ns3:TrackPointExtension>
						<ns3:speed>0.0</ns3:speed>
						<ns3:cad>0.0</ns3:cad>
						<ns3:hr>123</ns3:hr>
					</ns3:TrackPointExtension>
				</extensions>
			</trkpt>
			<trkpt lat="46.96853265" lon="5.86701791">
				<ele>569.5</ele>
				<time>2025-11-08T14:04:44Z</time>
				<extensions>
					<ns3:TrackPointExtension>
						<ns3:speed>0.0</ns3:speed>
						<ns3:cad>0.0</ns3:cad>
						<ns3:hr>124</ns3:hr>
					</ns3:TrackPointExtension>
				</extensions>
			</trkpt>
			<trkpt lat="46.96853464" lon="5.86701558">
				<ele>569.15</ele>
				<time>2025-11-08T14:04:45Z</time>
				<extensions>
					<ns3:TrackPointExtension>
						<ns3:speed>0.0</ns3:speed>
						<ns3:cad>0.0</ns3:cad>
						<ns3:hr>123</ns3:hr>
					</ns3:TrackPointExtension>
				</extensions>
			</trkpt>
			<trkpt lat="46.96853597" lon="5.86701425">
				<ele>568.88</ele>
				<time>2025-11-08T14:04:46Z</time>
				<extensions>
					<ns3:TrackPointExtension>
						<ns3:speed>0.0</ns3:speed>
						<ns3:cad>0.0</ns3:cad>
						<ns3:hr>124</ns3:hr>
					</ns3:TrackPointExtension>
				</extensions>
			</trkpt>
			<trkpt lat="46.96853663" lon="5.86701325">
				<ele>568.64</ele>
				<time>2025-11-08T14:04:47Z</time>
				<extensions>
					<ns3:TrackPointExtension>
						<ns3:speed>0.0</ns3:speed>
						<ns3:cad>0.0</ns3:cad>
						<ns3:hr>123</ns3:hr>
					</ns3:TrackPointExtension>
				</extensions>
			</trkpt>
			<trkpt lat="46.96853729" lon="5.86701292">
				<ele>568.44</ele>
				<time>2025-11-08T14:04:48Z</time>
				<extensions>
					<ns3:TrackPointExtension>
						<ns3:speed>0.0</ns3:speed>
						<ns3:cad>0.0</ns3:cad>
						<ns3:hr>123</ns3:hr>
					</ns3:TrackPointExtension>
				</extensions>
			</trkpt>
			<trkpt lat="46.96853729" lon="5.86701259">
				<ele>568.28</ele>
				<time>2025-11-08T14:04:49Z</time>
				<extensions>
					<ns3:TrackPointExtension>
						<ns3:speed>0.0</ns3:speed>
						<ns3:cad>0.0</ns3:cad>
						<ns3:hr>123</ns3:hr>
					</ns3:TrackPointExtension>
				</extensions>
			</trkpt>
			<trkpt lat="46.96853762" lon="5.86701226">
				<ele>568.13</ele>
				<time>2025-11-08T14:04:50Z</time>
				<extensions>
					<ns3:TrackPointExtension>
						<ns3:speed>0.0</ns3:speed>
						<ns3:cad>0.0</ns3:cad>
						<ns3:hr>121</ns3:hr>
					</ns3:TrackPointExtension>
				</extensions>
			</trkpt>
			<trkpt lat="46.96853762" lon="5.86701226">
				<ele>568.0</ele>
				<time>2025-11-08T14:04:51Z</time>
				<extensions>
					<ns3:TrackPointExtension>
						<ns3:speed>0.0</ns3:speed>
						<ns3:cad>0.0</ns3:cad>
						<ns3:hr>119</ns3:hr>
					</ns3:TrackPointExtension>
				</extensions>
			</trkpt>
			<trkpt lat="46.96853762" lon="5.86701226">
				<ele>567.89</ele>
				<time>2025-11-08T14:04:52Z</time>
				<extensions>
					<ns3:TrackPointExtension>
						<ns3:speed>0.0</ns3:speed>
						<ns3:cad>0.0</ns3:cad>
						<ns3:hr>119</ns3:hr>
					</ns3:TrackPointExtension>
				</extensions>
			</trkpt>
			<trkpt lat="46.96853762" lon="5.86701226">
				<ele>567.77</ele>
				<time>2025-11-08T14:04:53Z</time>
				<extensions>
					<ns3:TrackPointExtension>
						<ns3:speed>0.0</ns3:speed>
						<ns3:cad>0.0</ns3:cad>
						<ns3:hr>120</ns3:hr>
					</ns3:TrackPointExtension>
				</extensions>
			</trkpt>
			<trkpt lat="46.96853762" lon="5.86701226">
				<ele>567.68</ele>
				<time>2025-11-08T14:04:54Z</time>
				<extensions>
					<ns3:TrackPointExtension>
						<ns3:speed>0.0</ns3:speed>
						<ns3:cad>0.0</ns3:cad>
						<ns3:hr>120</ns3:hr>
					</ns3:TrackPointExtension>
				</extensions>
			</trkpt>
			<trkpt lat="46.96853762" lon="5.86701226">
				<ele>567.59</ele>
				<time>2025-11-08T14:04:55Z</time>
				<extensions>
					<ns3:TrackPointExtension>
						<ns3:speed>0.0</ns3:speed>
						<ns3:cad>0.0</ns3:cad>
						<ns3:hr>120</ns3:hr>
					</ns3:TrackPointExtension>
				</extensions>
			</trkpt>
			<trkpt lat="46.96853762" lon="5.86701226">
				<ele>567.55</ele>
				<time>2025-11-08T14:04:56Z</time>
				<extensions>
					<ns3:TrackPointExtension>
						<ns3:speed>0.0</ns3:speed>
						<ns3:cad>0.0</ns3:cad>
						<ns3:hr>121</ns3:hr>
					</ns3:TrackPointExtension>
				</extensions>
			</trkpt>
			<trkpt lat="46.96853762" lon="5.86701226">
				<ele>567.53</ele>
				<time>2025-11-08T14:04:57Z</time>
				<extensions>
					<ns3:TrackPointExtension>
						<ns3:speed>0.0</ns3:speed>
						<ns3:cad>0.0</ns3:cad>
						<ns3:hr>122</ns3:hr>
					</ns3:TrackPointExtension>
				</extensions>
			</trkpt>
			<trkpt lat="46.96853762" lon="5.86701226">
				<ele>567.51</ele>
				<time>2025-11-08T14:04:58Z</time>
				<extensions>
					<ns3:TrackPointExtension>
						<ns3:speed>0.0</ns3:speed>
						<ns3:cad>0.0</ns3:cad>
						<ns3:hr>122</ns3:hr>
					</ns3:TrackPointExtension>
				</extensions>
			</trkpt>
			<trkpt lat="46.96853762" lon="5.86701226">
				<ele>567.49</ele>
				<time>2025-11-08T14:04:59Z</time>
				<extensions>
					<ns3:TrackPointExtension>
						<ns3:speed>0.0</ns3:speed>
						<ns3:cad>0.0</ns3:cad>
						<ns3:hr>121</ns3:hr>
					</ns3:TrackPointExtension>
				</extensions>
			</trkpt>
			<trkpt lat="46.96853762" lon="5.86701226">
				<ele>567.46</ele>
				<time>2025-11-08T14:05:00Z</time>
				<extensions>
					<ns3:TrackPointExtension>
						<ns3:speed>0.0</ns3:speed>
						<ns3:cad>0.0</ns3:cad>
						<ns3:hr>120</ns3:hr>
					</ns3:TrackPointExtension>
				</extensions>
			</trkpt>
		</trkseg>
	</trk>
</gpx>
